/*
 Navicat Premium Data Transfer

 Source Server         : MySQL
 Source Server Type    : MySQL
 Source Server Version : 50636
 Source Host           : localhost
 Source Database       : spring-boot-practice

 Target Server Type    : MySQL
 Target Server Version : 50636
 File Encoding         : utf-8

 Date: 11/02/2017 16:27:38 PM
*/

SET NAMES utf8mb4;
SET FOREIGN_KEY_CHECKS = 0;

-- ----------------------------
--  Table structure for `t_permission`
-- ----------------------------
DROP TABLE IF EXISTS `t_permission`;
CREATE TABLE `t_permission` (
  `id` int(11) NOT NULL AUTO_INCREMENT,
  `parent_id` int(11) DEFAULT NULL COMMENT '父节点id',
  `name` varchar(64) DEFAULT NULL COMMENT '权限名称',
  `code` varchar(64) DEFAULT NULL COMMENT '权限代码',
  `icon` varchar(64) DEFAULT NULL COMMENT '菜单前面的图标css',
  `url` varchar(128) DEFAULT NULL COMMENT '资源链接地址 - 生成菜单时使用',
  `target` int(1) DEFAULT NULL COMMENT '链接打开方式: 0内容区域打开 1新页面打开',
  `menu` int(1) DEFAULT NULL COMMENT '是否展示位菜单项',
  `status` int(1) DEFAULT NULL COMMENT '是否启用: 0禁用 1启用',
  `create_time` datetime DEFAULT NULL COMMENT '创建时间',
  `description` varchar(64) DEFAULT NULL COMMENT '权限描述',
  PRIMARY KEY (`id`)
) ENGINE=InnoDB AUTO_INCREMENT=1101 DEFAULT CHARSET=utf8 COMMENT='权限表 - 资源+操作';

-- ----------------------------
--  Records of `t_permission`
-- ----------------------------
BEGIN;
INSERT INTO `t_permission` VALUES ('100', '0', '系统管理', null, '&#xe620;', null, '0', '1', '1', '2017-02-17 13:55:53', null), ('111', '100', '用户管理', 'user:list', '&#xe613;', '/page/user-list.html', '0', '1', '1', '2017-02-14 08:49:28', '用户管理-新增'), ('112', '111', '角色管理-新增', 'role:add', null, '/role/add', '0', '0', '0', '2017-02-15 10:55:00', '角色管理-新增'), ('113', '111', '用户管理-删除', 'user:add', null, '/user/delete', '0', '0', '1', '2017-02-14 08:59:44', '用户管理-列表'), ('114', '111', '用户管理-编辑', 'user:edit', null, '/user/edit', '0', '0', '1', '2017-02-14 08:59:44', '用户管理-编辑'), ('115', '111', '用户管理-锁定', 'user:lock', null, null, '0', '0', '1', '2017-02-14 08:59:44', '用户管理-锁定'), ('116', '111', '用户管理-解锁', 'user:unlock', null, null, '0', '0', '1', '2017-02-14 08:59:44', '用户管理-解锁'), ('121', '100', '角色管理', null, '&#xe612;', '/page/role-list.html', '0', '1', '1', '2017-02-17 13:57:25', null), ('122', '121', '角色管理-新增', 'role:add', null, '/role/add', '0', '0', '1', '2017-02-14 08:59:44', null), ('131', '100', '权限管理', null, '&#xe63c;', '/permission/list', '0', '1', '1', '2017-03-22 13:03:12', null), ('132', '131', '权限树', 'permission:show', null, '/permission/show', '0', '0', '1', '2017-02-14 08:59:44', '权限树'), ('141', '100', '系统配置', null, '&#xe631;', '/system/config', '0', '1', '1', '2017-03-22 13:03:12', null), ('200', '0', '歌德机系统管理', null, '&#xe6af;', 'http://admin.basicedu.chaoxing.com/', '0', '1', '1', '2017-11-01 11:31:09', null), ('300', '0', 'Google', null, '&#xe609;', 'https://www.google.com/ncr', '1', '1', '1', '2017-11-01 11:31:12', null), ('1000', '0', '教发平台管理', null, '&#xe6af;', 'http://admin.basicedu.chaoxing.com/', '0', '1', '1', '2017-11-01 11:31:14', null), ('1010', '1000', '机构管理', null, '&#xe6af;', 'http://admin.basicedu.chaoxing.com/', '0', '1', '1', '2017-11-01 11:31:14', null), ('1020', '1000', '机构首页', null, '&#xe6af;', 'http://admin.basicedu.chaoxing.com/', '0', '1', '1', '2017-11-01 11:31:14', null);
COMMIT;

-- ----------------------------
--  Table structure for `t_role`
-- ----------------------------
DROP TABLE IF EXISTS `t_role`;
CREATE TABLE `t_role` (
  `id` int(11) NOT NULL AUTO_INCREMENT,
  `name` varchar(64) DEFAULT NULL COMMENT '角色名称',
  `code` varchar(64) DEFAULT NULL COMMENT '角色代码',
  `status` int(1) DEFAULT NULL COMMENT '是否启用',
  `create_time` datetime DEFAULT NULL COMMENT '创建时间',
  `description` varchar(128) DEFAULT NULL COMMENT '角色描述',
  PRIMARY KEY (`id`)
) ENGINE=InnoDB AUTO_INCREMENT=391 DEFAULT CHARSET=utf8 COMMENT='角色表';

-- ----------------------------
--  Records of `t_role`
-- ----------------------------
BEGIN;
INSERT INTO `t_role` VALUES ('1', '超级管理员', 'su', '1', '2017-02-14 09:00:45', '超级管理员'), ('2', '系统管理员', 'admin', '1', '2017-02-14 09:00:45', '系统管理员'), ('3', '测试人员', 'test', '0', '2017-10-31 12:13:27', '测试人员'), ('6', '测试人员', 'test', '0', '2017-10-31 12:13:27', '测试人员'), ('8', '系统管理员', 'admin', '1', '2017-02-14 09:00:45', '系统管理员'), ('9', '测试人员', 'test', '0', '2017-10-31 12:13:27', '测试人员'), ('10', '超级管理员', 'su', '1', '2017-02-14 09:00:45', '超级管理员'), ('12', '测试人员', 'test', '0', '2017-10-31 12:13:27', '测试人员'), ('14', '系统管理员', 'admin', '1', '2017-02-14 09:00:45', '系统管理员'), ('15', '测试人员', 'test', '0', '2017-10-31 12:13:27', '测试人员'), ('17', '系统管理员', 'admin', '1', '2017-02-14 09:00:45', '系统管理员'), ('18', '测试人员', 'test', '0', '2017-10-31 12:13:27', '测试人员'), ('19', '超级管理员', 'su', '1', '2017-02-14 09:00:45', '超级管理员'), ('23', '系统管理员', 'admin', '1', '2017-02-14 09:00:45', '系统管理员'), ('24', '测试人员', 'test', '0', '2017-10-31 12:13:27', '测试人员'), ('25', '超级管理员', 'su', '1', '2017-02-14 09:00:45', '超级管理员'), ('26', '系统管理员', 'admin', '1', '2017-02-14 09:00:45', '系统管理员'), ('27', '测试人员', 'test', '0', '2017-10-31 12:13:27', '测试人员'), ('28', '超级管理员', 'su', '1', '2017-02-14 09:00:45', '超级管理员'), ('30', '测试人员', 'test', '0', '2017-10-31 12:13:27', '测试人员'), ('31', '超级管理员', 'su', '1', '2017-02-14 09:00:45', '超级管理员'), ('32', '系统管理员', 'admin', '1', '2017-02-14 09:00:45', '系统管理员'), ('33', '测试人员', 'test', '0', '2017-10-31 12:13:27', '测试人员'), ('34', '超级管理员', 'su', '1', '2017-02-14 09:00:45', '超级管理员'), ('35', '系统管理员', 'admin', '1', '2017-02-14 09:00:45', '系统管理员'), ('36', '测试人员', 'test', '0', '2017-10-31 12:13:27', '测试人员'), ('37', '超级管理员', 'su', '1', '2017-02-14 09:00:45', '超级管理员'), ('38', '系统管理员', 'admin', '1', '2017-02-14 09:00:45', '系统管理员'), ('39', '测试人员', 'test', '0', '2017-10-31 12:13:27', '测试人员'), ('40', '超级管理员', 'su', '1', '2017-02-14 09:00:45', '超级管理员'), ('41', '系统管理员', 'admin', '1', '2017-02-14 09:00:45', '系统管理员'), ('42', '测试人员', 'test', '0', '2017-10-31 12:13:27', '测试人员'), ('43', '超级管理员', 'su', '1', '2017-02-14 09:00:45', '超级管理员'), ('44', '系统管理员', 'admin', '1', '2017-02-14 09:00:45', '系统管理员'), ('45', '测试人员', 'test', '0', '2017-10-31 12:13:27', '测试人员'), ('46', '超级管理员', 'su', '1', '2017-02-14 09:00:45', '超级管理员'), ('47', '系统管理员', 'admin', '1', '2017-02-14 09:00:45', '系统管理员'), ('48', '测试人员', 'test', '0', '2017-10-31 12:13:27', '测试人员'), ('49', '超级管理员', 'su', '1', '2017-02-14 09:00:45', '超级管理员'), ('50', '系统管理员', 'admin', '1', '2017-02-14 09:00:45', '系统管理员'), ('51', '测试人员', 'test', '0', '2017-10-31 12:13:27', '测试人员'), ('52', '超级管理员', 'su', '1', '2017-02-14 09:00:45', '超级管理员'), ('53', '系统管理员', 'admin', '1', '2017-02-14 09:00:45', '系统管理员'), ('54', '测试人员', 'test', '0', '2017-10-31 12:13:27', '测试人员'), ('55', '超级管理员', 'su', '1', '2017-02-14 09:00:45', '超级管理员'), ('56', '系统管理员', 'admin', '1', '2017-02-14 09:00:45', '系统管理员'), ('57', '测试人员', 'test', '0', '2017-10-31 12:13:27', '测试人员'), ('58', '超级管理员', 'su', '1', '2017-02-14 09:00:45', '超级管理员'), ('59', '系统管理员', 'admin', '1', '2017-02-14 09:00:45', '系统管理员'), ('60', '测试人员', 'test', '0', '2017-10-31 12:13:27', '测试人员'), ('61', '超级管理员', 'su', '1', '2017-02-14 09:00:45', '超级管理员'), ('62', '系统管理员', 'admin', '1', '2017-02-14 09:00:45', '系统管理员'), ('63', '测试人员', 'test', '0', '2017-10-31 12:13:27', '测试人员'), ('64', '超级管理员', 'su', '1', '2017-02-14 09:00:45', '超级管理员'), ('65', '系统管理员', 'admin', '1', '2017-02-14 09:00:45', '系统管理员'), ('66', '测试人员', 'test', '0', '2017-10-31 12:13:27', '测试人员'), ('67', '超级管理员', 'su', '1', '2017-02-14 09:00:45', '超级管理员'), ('68', '系统管理员', 'admin', '1', '2017-02-14 09:00:45', '系统管理员'), ('69', '测试人员', 'test', '0', '2017-10-31 12:13:27', '测试人员'), ('70', '超级管理员', 'su', '1', '2017-02-14 09:00:45', '超级管理员'), ('71', '系统管理员', 'admin', '1', '2017-02-14 09:00:45', '系统管理员'), ('72', '测试人员', 'test', '0', '2017-10-31 12:13:27', '测试人员'), ('73', '超级管理员', 'su', '1', '2017-02-14 09:00:45', '超级管理员'), ('74', '系统管理员', 'admin', '1', '2017-02-14 09:00:45', '系统管理员'), ('75', '测试人员', 'test', '0', '2017-10-31 12:13:27', '测试人员'), ('76', '超级管理员', 'su', '1', '2017-02-14 09:00:45', '超级管理员'), ('77', '系统管理员', 'admin', '1', '2017-02-14 09:00:45', '系统管理员'), ('78', '测试人员', 'test', '0', '2017-10-31 12:13:27', '测试人员'), ('79', '超级管理员', 'su', '1', '2017-02-14 09:00:45', '超级管理员'), ('80', '系统管理员', 'admin', '1', '2017-02-14 09:00:45', '系统管理员'), ('81', '测试人员', 'test', '0', '2017-10-31 12:13:27', '测试人员'), ('82', '超级管理员', 'su', '1', '2017-02-14 09:00:45', '超级管理员'), ('83', '系统管理员', 'admin', '1', '2017-02-14 09:00:45', '系统管理员'), ('84', '测试人员', 'test', '0', '2017-10-31 12:13:27', '测试人员'), ('85', '超级管理员', 'su', '1', '2017-02-14 09:00:45', '超级管理员'), ('86', '系统管理员', 'admin', '1', '2017-02-14 09:00:45', '系统管理员'), ('87', '测试人员', 'test', '0', '2017-10-31 12:13:27', '测试人员'), ('88', '超级管理员', 'su', '1', '2017-02-14 09:00:45', '超级管理员'), ('89', '系统管理员', 'admin', '1', '2017-02-14 09:00:45', '系统管理员'), ('90', '测试人员', 'test', '0', '2017-10-31 12:13:27', '测试人员'), ('91', '超级管理员', 'su', '1', '2017-02-14 09:00:45', '超级管理员'), ('92', '系统管理员', 'admin', '1', '2017-02-14 09:00:45', '系统管理员'), ('93', '测试人员', 'test', '0', '2017-10-31 12:13:27', '测试人员'), ('94', '超级管理员', 'su', '1', '2017-02-14 09:00:45', '超级管理员'), ('95', '系统管理员', 'admin', '1', '2017-02-14 09:00:45', '系统管理员'), ('96', '测试人员', 'test', '0', '2017-10-31 12:13:27', '测试人员'), ('97', '超级管理员', 'su', '1', '2017-02-14 09:00:45', '超级管理员'), ('98', '系统管理员', 'admin', '1', '2017-02-14 09:00:45', '系统管理员'), ('99', '测试人员', 'test', '0', '2017-10-31 12:13:27', '测试人员'), ('100', '超级管理员', 'su', '1', '2017-02-14 09:00:45', '超级管理员'), ('101', '系统管理员', 'admin', '1', '2017-02-14 09:00:45', '系统管理员'), ('102', '测试人员', 'test', '0', '2017-10-31 12:13:27', '测试人员'), ('103', '超级管理员', 'su', '1', '2017-02-14 09:00:45', '超级管理员'), ('104', '系统管理员', 'admin', '1', '2017-02-14 09:00:45', '系统管理员'), ('105', '测试人员', 'test', '0', '2017-10-31 12:13:27', '测试人员'), ('106', '超级管理员', 'su', '1', '2017-02-14 09:00:45', '超级管理员'), ('107', '系统管理员', 'admin', '1', '2017-02-14 09:00:45', '系统管理员'), ('108', '测试人员', 'test', '0', '2017-10-31 12:13:27', '测试人员'), ('109', '超级管理员', 'su', '1', '2017-02-14 09:00:45', '超级管理员'), ('110', '系统管理员', 'admin', '1', '2017-02-14 09:00:45', '系统管理员'), ('111', '测试人员', 'test', '0', '2017-10-31 12:13:27', '测试人员'), ('112', '超级管理员', 'su', '1', '2017-02-14 09:00:45', '超级管理员'), ('113', '系统管理员', 'admin', '1', '2017-02-14 09:00:45', '系统管理员'), ('114', '测试人员', 'test', '0', '2017-10-31 12:13:27', '测试人员'), ('115', '超级管理员', 'su', '1', '2017-02-14 09:00:45', '超级管理员'), ('116', '系统管理员', 'admin', '1', '2017-02-14 09:00:45', '系统管理员'), ('117', '测试人员', 'test', '0', '2017-10-31 12:13:27', '测试人员'), ('118', '超级管理员', 'su', '1', '2017-02-14 09:00:45', '超级管理员'), ('119', '系统管理员', 'admin', '1', '2017-02-14 09:00:45', '系统管理员'), ('120', '测试人员', 'test', '0', '2017-10-31 12:13:27', '测试人员'), ('121', '超级管理员', 'su', '1', '2017-02-14 09:00:45', '超级管理员'), ('122', '系统管理员', 'admin', '1', '2017-02-14 09:00:45', '系统管理员'), ('123', '测试人员', 'test', '0', '2017-10-31 12:13:27', '测试人员'), ('124', '超级管理员', 'su', '1', '2017-02-14 09:00:45', '超级管理员'), ('125', '系统管理员', 'admin', '1', '2017-02-14 09:00:45', '系统管理员'), ('126', '测试人员', 'test', '0', '2017-10-31 12:13:27', '测试人员'), ('127', '超级管理员', 'su', '1', '2017-02-14 09:00:45', '超级管理员'), ('128', '系统管理员', 'admin', '1', '2017-02-14 09:00:45', '系统管理员'), ('129', '测试人员', 'test', '0', '2017-10-31 12:13:27', '测试人员'), ('130', '超级管理员', 'su', '1', '2017-02-14 09:00:45', '超级管理员'), ('131', '系统管理员', 'admin', '1', '2017-02-14 09:00:45', '系统管理员'), ('132', '测试人员', 'test', '0', '2017-10-31 12:13:27', '测试人员'), ('133', '超级管理员', 'su', '1', '2017-02-14 09:00:45', '超级管理员'), ('134', '系统管理员', 'admin', '1', '2017-02-14 09:00:45', '系统管理员'), ('135', '测试人员', 'test', '0', '2017-10-31 12:13:27', '测试人员'), ('136', '超级管理员', 'su', '1', '2017-02-14 09:00:45', '超级管理员'), ('137', '系统管理员', 'admin', '1', '2017-02-14 09:00:45', '系统管理员'), ('138', '测试人员', 'test', '0', '2017-10-31 12:13:27', '测试人员'), ('139', '超级管理员', 'su', '1', '2017-02-14 09:00:45', '超级管理员'), ('140', '系统管理员', 'admin', '1', '2017-02-14 09:00:45', '系统管理员'), ('141', '测试人员', 'test', '0', '2017-10-31 12:13:27', '测试人员'), ('142', '超级管理员', 'su', '1', '2017-02-14 09:00:45', '超级管理员'), ('143', '系统管理员', 'admin', '1', '2017-02-14 09:00:45', '系统管理员'), ('144', '测试人员', 'test', '0', '2017-10-31 12:13:27', '测试人员'), ('145', '超级管理员', 'su', '1', '2017-02-14 09:00:45', '超级管理员'), ('146', '系统管理员', 'admin', '1', '2017-02-14 09:00:45', '系统管理员'), ('147', '测试人员', 'test', '0', '2017-10-31 12:13:27', '测试人员'), ('148', '超级管理员', 'su', '1', '2017-02-14 09:00:45', '超级管理员'), ('149', '系统管理员', 'admin', '1', '2017-02-14 09:00:45', '系统管理员'), ('150', '测试人员', 'test', '0', '2017-10-31 12:13:27', '测试人员'), ('151', '超级管理员', 'su', '1', '2017-02-14 09:00:45', '超级管理员'), ('152', '系统管理员', 'admin', '1', '2017-02-14 09:00:45', '系统管理员'), ('153', '测试人员', 'test', '0', '2017-10-31 12:13:27', '测试人员'), ('154', '超级管理员', 'su', '1', '2017-02-14 09:00:45', '超级管理员'), ('155', '系统管理员', 'admin', '1', '2017-02-14 09:00:45', '系统管理员'), ('156', '测试人员', 'test', '0', '2017-10-31 12:13:27', '测试人员'), ('157', '超级管理员', 'su', '1', '2017-02-14 09:00:45', '超级管理员'), ('158', '系统管理员', 'admin', '1', '2017-02-14 09:00:45', '系统管理员'), ('159', '测试人员', 'test', '0', '2017-10-31 12:13:27', '测试人员'), ('161', '系统管理员', 'admin', '1', '2017-02-14 09:00:45', '系统管理员'), ('162', '测试人员', 'test', '0', '2017-10-31 12:13:27', '测试人员'), ('165', '测试人员', 'test', '0', '2017-10-31 12:13:27', '测试人员'), ('166', '超级管理员', 'su', '1', '2017-02-14 09:00:45', '超级管理员'), ('167', '系统管理员', 'admin', '1', '2017-02-14 09:00:45', '系统管理员'), ('168', '测试人员', 'test', '0', '2017-10-31 12:13:27', '测试人员'), ('169', '超级管理员', 'su', '1', '2017-02-14 09:00:45', '超级管理员'), ('170', '系统管理员', 'admin', '1', '2017-02-14 09:00:45', '系统管理员'), ('171', '测试人员', 'test', '0', '2017-10-31 12:13:27', '测试人员'), ('172', '超级管理员', 'su', '1', '2017-02-14 09:00:45', '超级管理员'), ('173', '系统管理员', 'admin', '1', '2017-02-14 09:00:45', '系统管理员'), ('174', '测试人员', 'test', '0', '2017-10-31 12:13:27', '测试人员'), ('175', '超级管理员', 'su', '1', '2017-02-14 09:00:45', '超级管理员'), ('176', '系统管理员', 'admin', '1', '2017-02-14 09:00:45', '系统管理员'), ('177', '测试人员', 'test', '0', '2017-10-31 12:13:27', '测试人员'), ('178', '超级管理员', 'su', '1', '2017-02-14 09:00:45', '超级管理员'), ('179', '系统管理员', 'admin', '1', '2017-02-14 09:00:45', '系统管理员'), ('180', '测试人员', 'test', '0', '2017-10-31 12:13:27', '测试人员'), ('181', '超级管理员', 'su', '1', '2017-02-14 09:00:45', '超级管理员'), ('182', '系统管理员', 'admin', '1', '2017-02-14 09:00:45', '系统管理员'), ('183', '测试人员', 'test', '0', '2017-10-31 12:13:27', '测试人员'), ('184', '超级管理员', 'su', '1', '2017-02-14 09:00:45', '超级管理员'), ('185', '系统管理员', 'admin', '1', '2017-02-14 09:00:45', '系统管理员'), ('186', '测试人员', 'test', '0', '2017-10-31 12:13:27', '测试人员'), ('187', '超级管理员', 'su', '1', '2017-02-14 09:00:45', '超级管理员'), ('188', '系统管理员', 'admin', '1', '2017-02-14 09:00:45', '系统管理员'), ('189', '测试人员', 'test', '0', '2017-10-31 12:13:27', '测试人员'), ('190', '超级管理员', 'su', '1', '2017-02-14 09:00:45', '超级管理员'), ('191', '系统管理员', 'admin', '1', '2017-02-14 09:00:45', '系统管理员'), ('192', '测试人员', 'test', '0', '2017-10-31 12:13:27', '测试人员'), ('193', '超级管理员', 'su', '1', '2017-02-14 09:00:45', '超级管理员'), ('194', '系统管理员', 'admin', '1', '2017-02-14 09:00:45', '系统管理员'), ('195', '测试人员', 'test', '0', '2017-10-31 12:13:27', '测试人员'), ('196', '超级管理员', 'su', '1', '2017-02-14 09:00:45', '超级管理员'), ('197', '系统管理员', 'admin', '1', '2017-02-14 09:00:45', '系统管理员'), ('198', '测试人员', 'test', '0', '2017-10-31 12:13:27', '测试人员'), ('199', '超级管理员', 'su', '1', '2017-02-14 09:00:45', '超级管理员'), ('200', '系统管理员', 'admin', '1', '2017-02-14 09:00:45', '系统管理员'), ('201', '测试人员', 'test', '0', '2017-10-31 12:13:27', '测试人员'), ('202', '超级管理员', 'su', '1', '2017-02-14 09:00:45', '超级管理员'), ('203', '系统管理员', 'admin', '1', '2017-02-14 09:00:45', '系统管理员'), ('204', '测试人员', 'test', '0', '2017-10-31 12:13:27', '测试人员'), ('205', '超级管理员', 'su', '1', '2017-02-14 09:00:45', '超级管理员'), ('206', '系统管理员', 'admin', '1', '2017-02-14 09:00:45', '系统管理员'), ('207', '测试人员', 'test', '0', '2017-10-31 12:13:27', '测试人员'), ('208', '超级管理员', 'su', '1', '2017-02-14 09:00:45', '超级管理员'), ('209', '系统管理员', 'admin', '1', '2017-02-14 09:00:45', '系统管理员'), ('210', '测试人员', 'test', '0', '2017-10-31 12:13:27', '测试人员'), ('211', '超级管理员', 'su', '1', '2017-02-14 09:00:45', '超级管理员'), ('212', '系统管理员', 'admin', '1', '2017-02-14 09:00:45', '系统管理员'), ('213', '测试人员', 'test', '0', '2017-10-31 12:13:27', '测试人员'), ('214', '超级管理员', 'su', '1', '2017-02-14 09:00:45', '超级管理员'), ('215', '系统管理员', 'admin', '1', '2017-02-14 09:00:45', '系统管理员'), ('216', '测试人员', 'test', '0', '2017-10-31 12:13:27', '测试人员'), ('217', '超级管理员', 'su', '1', '2017-02-14 09:00:45', '超级管理员'), ('218', '系统管理员', 'admin', '1', '2017-02-14 09:00:45', '系统管理员'), ('219', '测试人员', 'test', '0', '2017-10-31 12:13:27', '测试人员'), ('220', '超级管理员', 'su', '1', '2017-02-14 09:00:45', '超级管理员'), ('221', '系统管理员', 'admin', '1', '2017-02-14 09:00:45', '系统管理员'), ('222', '测试人员', 'test', '0', '2017-10-31 12:13:27', '测试人员'), ('223', '超级管理员', 'su', '1', '2017-02-14 09:00:45', '超级管理员'), ('224', '系统管理员', 'admin', '1', '2017-02-14 09:00:45', '系统管理员'), ('225', '测试人员', 'test', '0', '2017-10-31 12:13:27', '测试人员'), ('226', '超级管理员', 'su', '1', '2017-02-14 09:00:45', '超级管理员'), ('227', '系统管理员', 'admin', '1', '2017-02-14 09:00:45', '系统管理员'), ('228', '测试人员', 'test', '0', '2017-10-31 12:13:27', '测试人员'), ('229', '超级管理员', 'su', '1', '2017-02-14 09:00:45', '超级管理员'), ('230', '系统管理员', 'admin', '1', '2017-02-14 09:00:45', '系统管理员'), ('231', '测试人员', 'test', '0', '2017-10-31 12:13:27', '测试人员'), ('232', '超级管理员', 'su', '1', '2017-02-14 09:00:45', '超级管理员'), ('233', '系统管理员', 'admin', '1', '2017-02-14 09:00:45', '系统管理员'), ('234', '测试人员', 'test', '0', '2017-10-31 12:13:27', '测试人员'), ('235', '超级管理员', 'su', '1', '2017-02-14 09:00:45', '超级管理员'), ('236', '系统管理员', 'admin', '1', '2017-02-14 09:00:45', '系统管理员'), ('237', '测试人员', 'test', '0', '2017-10-31 12:13:27', '测试人员'), ('238', '超级管理员', 'su', '1', '2017-02-14 09:00:45', '超级管理员'), ('239', '系统管理员', 'admin', '1', '2017-02-14 09:00:45', '系统管理员'), ('240', '测试人员', 'test', '0', '2017-10-31 12:13:27', '测试人员'), ('241', '超级管理员', 'su', '1', '2017-02-14 09:00:45', '超级管理员'), ('242', '系统管理员', 'admin', '1', '2017-02-14 09:00:45', '系统管理员'), ('243', '测试人员', 'test', '0', '2017-10-31 12:13:27', '测试人员'), ('244', '超级管理员', 'su', '1', '2017-02-14 09:00:45', '超级管理员'), ('245', '系统管理员', 'admin', '1', '2017-02-14 09:00:45', '系统管理员'), ('246', '测试人员', 'test', '0', '2017-10-31 12:13:27', '测试人员'), ('247', '超级管理员', 'su', '1', '2017-02-14 09:00:45', '超级管理员'), ('248', '系统管理员', 'admin', '1', '2017-02-14 09:00:45', '系统管理员'), ('249', '测试人员', 'test', '0', '2017-10-31 12:13:27', '测试人员'), ('250', '超级管理员', 'su', '1', '2017-02-14 09:00:45', '超级管理员'), ('251', '系统管理员', 'admin', '1', '2017-02-14 09:00:45', '系统管理员'), ('252', '测试人员', 'test', '0', '2017-10-31 12:13:27', '测试人员'), ('253', '超级管理员', 'su', '1', '2017-02-14 09:00:45', '超级管理员'), ('254', '系统管理员', 'admin', '1', '2017-02-14 09:00:45', '系统管理员'), ('255', '测试人员', 'test', '0', '2017-10-31 12:13:27', '测试人员'), ('256', '超级管理员', 'su', '1', '2017-02-14 09:00:45', '超级管理员'), ('257', '系统管理员', 'admin', '1', '2017-02-14 09:00:45', '系统管理员'), ('258', '测试人员', 'test', '0', '2017-10-31 12:13:27', '测试人员'), ('259', '超级管理员', 'su', '1', '2017-02-14 09:00:45', '超级管理员'), ('260', '系统管理员', 'admin', '1', '2017-02-14 09:00:45', '系统管理员'), ('261', '测试人员', 'test', '0', '2017-10-31 12:13:27', '测试人员'), ('262', '超级管理员', 'su', '1', '2017-02-14 09:00:45', '超级管理员'), ('263', '系统管理员', 'admin', '1', '2017-02-14 09:00:45', '系统管理员'), ('264', '测试人员', 'test', '0', '2017-10-31 12:13:27', '测试人员'), ('265', '超级管理员', 'su', '1', '2017-02-14 09:00:45', '超级管理员'), ('266', '系统管理员', 'admin', '1', '2017-02-14 09:00:45', '系统管理员'), ('267', '测试人员', 'test', '0', '2017-10-31 12:13:27', '测试人员'), ('268', '超级管理员', 'su', '1', '2017-02-14 09:00:45', '超级管理员'), ('269', '系统管理员', 'admin', '1', '2017-02-14 09:00:45', '系统管理员'), ('270', '测试人员', 'test', '0', '2017-10-31 12:13:27', '测试人员'), ('271', '超级管理员', 'su', '1', '2017-02-14 09:00:45', '超级管理员'), ('272', '系统管理员', 'admin', '1', '2017-02-14 09:00:45', '系统管理员'), ('273', '测试人员', 'test', '0', '2017-10-31 12:13:27', '测试人员'), ('274', '超级管理员', 'su', '1', '2017-02-14 09:00:45', '超级管理员'), ('275', '系统管理员', 'admin', '1', '2017-02-14 09:00:45', '系统管理员'), ('276', '测试人员', 'test', '0', '2017-10-31 12:13:27', '测试人员'), ('277', '超级管理员', 'su', '1', '2017-02-14 09:00:45', '超级管理员'), ('278', '系统管理员', 'admin', '1', '2017-02-14 09:00:45', '系统管理员'), ('279', '测试人员', 'test', '0', '2017-10-31 12:13:27', '测试人员'), ('280', '超级管理员', 'su', '1', '2017-02-14 09:00:45', '超级管理员'), ('281', '系统管理员', 'admin', '1', '2017-02-14 09:00:45', '系统管理员'), ('282', '测试人员', 'test', '0', '2017-10-31 12:13:27', '测试人员'), ('283', '超级管理员', 'su', '1', '2017-02-14 09:00:45', '超级管理员'), ('284', '系统管理员', 'admin', '1', '2017-02-14 09:00:45', '系统管理员'), ('285', '测试人员', 'test', '0', '2017-10-31 12:13:27', '测试人员'), ('286', '超级管理员', 'su', '1', '2017-02-14 09:00:45', '超级管理员'), ('287', '系统管理员', 'admin', '1', '2017-02-14 09:00:45', '系统管理员'), ('288', '测试人员', 'test', '0', '2017-10-31 12:13:27', '测试人员'), ('289', '超级管理员', 'su', '1', '2017-02-14 09:00:45', '超级管理员'), ('290', '系统管理员', 'admin', '1', '2017-02-14 09:00:45', '系统管理员'), ('291', '测试人员', 'test', '0', '2017-10-31 12:13:27', '测试人员'), ('292', '超级管理员', 'su', '1', '2017-02-14 09:00:45', '超级管理员'), ('293', '系统管理员', 'admin', '1', '2017-02-14 09:00:45', '系统管理员'), ('294', '测试人员', 'test', '0', '2017-10-31 12:13:27', '测试人员'), ('295', '超级管理员', 'su', '1', '2017-02-14 09:00:45', '超级管理员'), ('296', '系统管理员', 'admin', '1', '2017-02-14 09:00:45', '系统管理员'), ('297', '测试人员', 'test', '0', '2017-10-31 12:13:27', '测试人员'), ('298', '超级管理员', 'su', '1', '2017-02-14 09:00:45', '超级管理员'), ('299', '系统管理员', 'admin', '1', '2017-02-14 09:00:45', '系统管理员'), ('300', '测试人员', 'test', '0', '2017-10-31 12:13:27', '测试人员'), ('301', '超级管理员', 'su', '1', '2017-02-14 09:00:45', '超级管理员'), ('302', '系统管理员', 'admin', '1', '2017-02-14 09:00:45', '系统管理员'), ('303', '测试人员', 'test', '0', '2017-10-31 12:13:27', '测试人员'), ('304', '超级管理员', 'su', '1', '2017-02-14 09:00:45', '超级管理员'), ('305', '系统管理员', 'admin', '1', '2017-02-14 09:00:45', '系统管理员'), ('306', '测试人员', 'test', '0', '2017-10-31 12:13:27', '测试人员'), ('307', '超级管理员', 'su', '1', '2017-02-14 09:00:45', '超级管理员'), ('308', '系统管理员', 'admin', '1', '2017-02-14 09:00:45', '系统管理员'), ('309', '测试人员', 'test', '0', '2017-10-31 12:13:27', '测试人员'), ('310', '超级管理员', 'su', '1', '2017-02-14 09:00:45', '超级管理员'), ('311', '系统管理员', 'admin', '1', '2017-02-14 09:00:45', '系统管理员'), ('312', '测试人员', 'test', '0', '2017-10-31 12:13:27', '测试人员'), ('313', '超级管理员', 'su', '1', '2017-02-14 09:00:45', '超级管理员'), ('314', '系统管理员', 'admin', '1', '2017-02-14 09:00:45', '系统管理员'), ('315', '测试人员', 'test', '0', '2017-10-31 12:13:27', '测试人员'), ('316', '超级管理员', 'su', '1', '2017-02-14 09:00:45', '超级管理员'), ('317', '系统管理员', 'admin', '1', '2017-02-14 09:00:45', '系统管理员'), ('318', '测试人员', 'test', '0', '2017-10-31 12:13:27', '测试人员'), ('319', '超级管理员', 'su', '1', '2017-02-14 09:00:45', '超级管理员'), ('320', '系统管理员', 'admin', '1', '2017-02-14 09:00:45', '系统管理员'), ('321', '测试人员', 'test', '0', '2017-10-31 12:13:27', '测试人员'), ('322', '超级管理员', 'su', '1', '2017-02-14 09:00:45', '超级管理员'), ('323', '系统管理员', 'admin', '1', '2017-02-14 09:00:45', '系统管理员'), ('324', '测试人员', 'test', '0', '2017-10-31 12:13:27', '测试人员'), ('325', '超级管理员', 'su', '1', '2017-02-14 09:00:45', '超级管理员'), ('326', '系统管理员', 'admin', '1', '2017-02-14 09:00:45', '系统管理员'), ('327', '测试人员', 'test', '0', '2017-10-31 12:13:27', '测试人员'), ('328', '超级管理员', 'su', '1', '2017-02-14 09:00:45', '超级管理员'), ('329', '系统管理员', 'admin', '1', '2017-02-14 09:00:45', '系统管理员'), ('330', '测试人员', 'test', '0', '2017-10-31 12:13:27', '测试人员'), ('331', '超级管理员', 'su', '1', '2017-02-14 09:00:45', '超级管理员'), ('332', '系统管理员', 'admin', '1', '2017-02-14 09:00:45', '系统管理员'), ('333', '测试人员', 'test', '0', '2017-10-31 12:13:27', '测试人员'), ('334', '超级管理员', 'su', '1', '2017-02-14 09:00:45', '超级管理员'), ('335', '系统管理员', 'admin', '1', '2017-02-14 09:00:45', '系统管理员'), ('336', '测试人员', 'test', '0', '2017-10-31 12:13:27', '测试人员'), ('337', '超级管理员', 'su', '1', '2017-02-14 09:00:45', '超级管理员'), ('338', '系统管理员', 'admin', '1', '2017-02-14 09:00:45', '系统管理员'), ('339', '测试人员', 'test', '0', '2017-10-31 12:13:27', '测试人员'), ('340', '超级管理员', 'su', '1', '2017-02-14 09:00:45', '超级管理员'), ('341', '系统管理员', 'admin', '1', '2017-02-14 09:00:45', '系统管理员'), ('342', '测试人员', 'test', '0', '2017-10-31 12:13:27', '测试人员'), ('343', '超级管理员', 'su', '1', '2017-02-14 09:00:45', '超级管理员'), ('344', '系统管理员', 'admin', '1', '2017-02-14 09:00:45', '系统管理员'), ('345', '测试人员', 'test', '0', '2017-10-31 12:13:27', '测试人员'), ('346', '超级管理员', 'su', '1', '2017-02-14 09:00:45', '超级管理员'), ('347', '系统管理员', 'admin', '1', '2017-02-14 09:00:45', '系统管理员'), ('348', '测试人员', 'test', '0', '2017-10-31 12:13:27', '测试人员'), ('349', '超级管理员', 'su', '1', '2017-02-14 09:00:45', '超级管理员'), ('350', '系统管理员', 'admin', '1', '2017-02-14 09:00:45', '系统管理员'), ('351', '测试人员', 'test', '0', '2017-10-31 12:13:27', '测试人员'), ('352', '超级管理员', 'su', '1', '2017-02-14 09:00:45', '超级管理员'), ('353', '系统管理员', 'admin', '1', '2017-02-14 09:00:45', '系统管理员'), ('354', '测试人员', 'test', '0', '2017-10-31 12:13:27', '测试人员'), ('355', '超级管理员', 'su', '1', '2017-02-14 09:00:45', '超级管理员'), ('356', '系统管理员', 'admin', '1', '2017-02-14 09:00:45', '系统管理员'), ('357', '测试人员', 'test', '0', '2017-10-31 12:13:27', '测试人员'), ('358', '超级管理员', 'su', '1', '2017-02-14 09:00:45', '超级管理员'), ('359', '系统管理员', 'admin', '1', '2017-02-14 09:00:45', '系统管理员'), ('360', '测试人员', 'test', '0', '2017-10-31 12:13:27', '测试人员'), ('361', '超级管理员', 'su', '1', '2017-02-14 09:00:45', '超级管理员'), ('362', '系统管理员', 'admin', '1', '2017-02-14 09:00:45', '系统管理员'), ('363', '测试人员', 'test', '0', '2017-10-31 12:13:27', '测试人员'), ('364', '超级管理员', 'su', '1', '2017-02-14 09:00:45', '超级管理员'), ('365', '系统管理员', 'admin', '1', '2017-02-14 09:00:45', '系统管理员'), ('366', '测试人员', 'test', '0', '2017-10-31 12:13:27', '测试人员'), ('367', '超级管理员', 'su', '1', '2017-02-14 09:00:45', '超级管理员'), ('368', '系统管理员', 'admin', '1', '2017-02-14 09:00:45', '系统管理员'), ('369', '测试人员', 'test', '0', '2017-10-31 12:13:27', '测试人员'), ('370', '超级管理员', 'su', '1', '2017-02-14 09:00:45', '超级管理员'), ('371', '系统管理员', 'admin', '1', '2017-02-14 09:00:45', '系统管理员'), ('372', '测试人员', 'test', '0', '2017-10-31 12:13:27', '测试人员'), ('373', '超级管理员', 'su', '1', '2017-02-14 09:00:45', '超级管理员'), ('374', '系统管理员', 'admin', '1', '2017-02-14 09:00:45', '系统管理员'), ('375', '测试人员', 'test', '0', '2017-10-31 12:13:27', '测试人员'), ('376', '超级管理员', 'su', '1', '2017-02-14 09:00:45', '超级管理员'), ('377', '系统管理员', 'admin', '1', '2017-02-14 09:00:45', '系统管理员'), ('378', '测试人员', 'test', '0', '2017-10-31 12:13:27', '测试人员'), ('379', '超级管理员', 'su', '1', '2017-02-14 09:00:45', '超级管理员'), ('380', '系统管理员', 'admin', '1', '2017-02-14 09:00:45', '系统管理员'), ('381', '测试人员', 'test', '0', '2017-10-31 12:13:27', '测试人员'), ('382', '超级管理员', 'su', '1', '2017-02-14 09:00:45', '超级管理员'), ('383', '系统管理员', 'admin', '1', '2017-02-14 09:00:45', '系统管理员'), ('384', '测试人员', 'test', '0', '2017-10-31 12:13:27', '测试人员'), ('385', null, null, null, '2017-11-02 15:26:18', null), ('386', null, null, null, '2017-11-02 15:28:39', null), ('387', '1', '1', '1', '2017-11-02 15:36:44', '1'), ('388', '1', '2', '1', '2017-11-02 16:13:18', '2'), ('389', '1', '2', '1', '2017-11-02 16:13:33', '2'), ('390', '21', '212', '1', '2017-11-02 16:13:43', '222');
COMMIT;

-- ----------------------------
--  Table structure for `t_role_permission`
-- ----------------------------
DROP TABLE IF EXISTS `t_role_permission`;
CREATE TABLE `t_role_permission` (
  `id` int(11) NOT NULL AUTO_INCREMENT,
  `role_id` int(11) DEFAULT NULL,
  `permission_id` int(11) DEFAULT NULL,
  `update_time` datetime DEFAULT CURRENT_TIMESTAMP ON UPDATE CURRENT_TIMESTAMP COMMENT '创建或更新时间',
  PRIMARY KEY (`id`)
) ENGINE=InnoDB AUTO_INCREMENT=1021 DEFAULT CHARSET=utf8 COMMENT='角色 - 权限表';

-- ----------------------------
--  Records of `t_role_permission`
-- ----------------------------
BEGIN;
INSERT INTO `t_role_permission` VALUES ('100', '1', '100', '2017-10-26 16:10:30'), ('111', '1', '111', '2017-10-26 16:10:36'), ('112', '1', '112', '2017-10-26 16:10:52'), ('121', '1', '121', '2017-10-26 16:10:49'), ('122', '1', '122', '2017-10-26 16:10:57'), ('131', '1', '131', '2017-10-26 16:11:02'), ('132', '1', '132', '2017-10-26 16:11:08'), ('141', '1', '141', '2017-10-26 16:11:13'), ('200', '1', '200', '2017-10-26 16:16:22'), ('300', '1', '300', '2017-10-26 16:16:32'), ('1000', '1', '1000', '2017-11-01 11:32:10'), ('1010', '1', '1010', '2017-11-01 11:32:10'), ('1020', '1', '1020', '2017-11-01 11:32:10');
COMMIT;

-- ----------------------------
--  Table structure for `t_system_config`
-- ----------------------------
DROP TABLE IF EXISTS `t_system_config`;
CREATE TABLE `t_system_config` (
  `id` int(11) NOT NULL AUTO_INCREMENT,
  `name` varchar(32) DEFAULT NULL COMMENT '名称',
  `code` varchar(64) DEFAULT NULL COMMENT '代码',
  `value` varchar(128) DEFAULT NULL COMMENT '值',
  `description` varchar(128) DEFAULT NULL COMMENT '描述',
  PRIMARY KEY (`id`)
) ENGINE=InnoDB AUTO_INCREMENT=6 DEFAULT CHARSET=utf8 COMMENT='系统字典表';

-- ----------------------------
--  Records of `t_system_config`
-- ----------------------------
BEGIN;
INSERT INTO `t_system_config` VALUES ('1', 'token失效时间', 'token_expire_time', '7776000', 'token失效时间 - 单位: 秒, 当前是三个月'), ('2', '短信验证码有效时间', 'valicode_time', '600', '短信验证码有效时间 - 单位: 秒, 当前是10分钟'), ('3', '短信验证码时间间隔', 'max_send_valicode_times_period', '86400', '短信验证码最大发送次数时间间隔 - 单位: 秒, 当前是一天同一号码最多20次'), ('4', '短信验证码最大发送次数', 'max_send_valicode_times', '20', '最大发送次数时间间隔内的发送次数'), ('5', '首页轮播图', 'carousel', '/static/images/img_0178.jpg,/static/images/img_0185.jpg', '首页轮播图');
COMMIT;

-- ----------------------------
--  Table structure for `t_user`
-- ----------------------------
DROP TABLE IF EXISTS `t_user`;
CREATE TABLE `t_user` (
  `id` int(11) NOT NULL AUTO_INCREMENT,
  `avatar` varchar(128) DEFAULT NULL COMMENT '头像url',
  `user_name` varchar(255) DEFAULT NULL COMMENT '用户名',
  `salt` varchar(16) DEFAULT NULL COMMENT '盐',
  `password` varchar(64) DEFAULT NULL COMMENT '密码',
  `nick_name` varchar(64) DEFAULT NULL COMMENT '昵称',
  `real_name` varchar(64) DEFAULT NULL COMMENT '真实姓名',
  `phone` varchar(16) DEFAULT NULL COMMENT '手机号码',
  `last_login_time` datetime DEFAULT NULL COMMENT '最后登录时间',
  `login_times` int(11) DEFAULT NULL COMMENT '登录次数',
  `status` int(1) DEFAULT NULL COMMENT '状态 1可用，0禁用',
  `create_time` datetime DEFAULT NULL COMMENT '创建时间',
  `update_time` datetime DEFAULT NULL COMMENT '修改时间',
  PRIMARY KEY (`id`),
  UNIQUE KEY `u_idx_phone` (`phone`) USING BTREE
) ENGINE=InnoDB AUTO_INCREMENT=67040 DEFAULT CHARSET=utf8 COMMENT='用户表';

-- ----------------------------
--  Records of `t_user`
-- ----------------------------
BEGIN;
INSERT INTO `t_user` VALUES ('1', null, null, 'flsk', 'ebd2742eb869664e54555c3d2a9681c3', 'su', null, 'su', null, '1', '1', null, null), ('2', '/upload/avatar/062afacd34b4c388e6a0e4324a450ea8.jpg', null, 'su', '99308b9c902ff952c5a84cea7ec74ebe', 'iMiracle', null, '13540118757', '2017-03-28 14:36:42', '1', '1', '2017-03-28 14:36:42', null), ('3', 'http://t.myflsk.com/upload/cover/1497540182998.png', null, 'su', '99308b9c902ff952c5a84cea7ec74ebe', '疯狂的石头', null, '18981997089', '2017-03-30 21:31:35', '1', '1', '2017-03-30 21:31:35', null), ('11', '/upload/avatar/062afacd34b4c388e6a0e4324a450ea8.jpg', null, 'su', '99308b9c902ff952c5a84cea7ec74ebe', '系统返本账户', null, null, '2017-03-28 14:36:42', '1', '1', '2017-03-28 14:36:42', null), ('12', '/upload/avatar/062afacd34b4c388e6a0e4324a450ea8.jpg', null, '', '99308b9c902ff952c5a84cea7ec74ebe', '系统返利账户', null, null, '2017-03-28 14:36:42', '1', '1', '2017-03-28 14:36:42', null), ('13', null, null, 'su', '99308b9c902ff952c5a84cea7ec74ebe', '匿名账户', null, null, null, '1', '1', null, null), ('10001', null, null, 'su', '99308b9c902ff952c5a84cea7ec74ebe', '大牛合', null, '86700656', null, null, '1', null, null), ('10002', null, null, 'su', '99308b9c902ff952c5a84cea7ec74ebe', '酒肉馆', null, '81474530', null, null, '1', null, null), ('10003', null, null, 'su', '99308b9c902ff952c5a84cea7ec74ebe', '初见初雪', null, '64656743', null, null, '1', null, null), ('10004', null, null, 'su', '99308b9c902ff952c5a84cea7ec74ebe', '卧牛老火锅', null, '13880661882', null, null, '1', null, null), ('10005', null, null, 'su', '99308b9c902ff952c5a84cea7ec74ebe', '樱桃园', null, '61113299', null, null, '1', null, null), ('10006', null, null, 'su', '99308b9c902ff952c5a84cea7ec74ebe', '老板数签签', null, '87746690', null, null, '1', null, null), ('10061', 'http://t.myflsk.com/upload/avatar/1497628544654.png', null, 'su', '99308b9c902ff952c5a84cea7ec74ebe', '18981916297', null, '18981916297', null, null, '1', '2017-06-16 23:53:49', null), ('10066', null, null, 'su', '99308b9c902ff952c5a84cea7ec74ebe', 'ycltest', null, '15196632104', null, null, '1', '2017-06-17 00:04:32', null), ('10067', 'http://t.myflsk.com/upload/avatar/1498224961051.png', null, 'su', '99308b9c902ff952c5a84cea7ec74ebe', 'Gelato', null, '17716123826', null, null, '1', '2017-06-17 12:43:42', null), ('10068', null, null, 'su', '99308b9c902ff952c5a84cea7ec74ebe', '小小徐', null, '15928110531', null, null, '1', '2017-06-17 17:18:53', null), ('10069', null, null, 'su', '99308b9c902ff952c5a84cea7ec74ebe', 'ycltest2', null, '13014930569', null, null, '1', '2017-06-18 08:09:35', null), ('10071', 'http://t.myflsk.com/upload/avatar/1497879455066.png', null, 'su', '99308b9c902ff952c5a84cea7ec74ebe', 'nmmm', '', '13594015206', '2017-06-19 22:03:38', null, '1', '2017-06-19 21:37:06', '2017-06-19 22:03:47'), ('10072', null, null, 'su', '99308b9c902ff952c5a84cea7ec74ebe', '祥', null, '13111892596', null, null, '1', '2017-06-20 15:27:14', null), ('10073', 'http://app.myflsk.com/upload/avatar/22978d53b8f82c74a53d76fa68ad6b93.jpg', null, 'HFpcnV', '7f150ebbeaddcc940c1b63b1ef01832c', '阿诺', null, '18628106276', null, null, '1', '2017-06-26 11:13:25', null), ('66852', 'http://app.myflsk.com/upload/avatar/1498446314057.png', null, 'Mdcthi', 'b49445e3ed1a036f6a36ccd6325b8d36', '板爷', null, '15882318734', null, null, '1', '2017-05-16 16:17:50', null), ('66853', 'http://app.myflsk.com/upload/avatar/1498478695496.png', null, '6DMWch', 'b78d86a9f3a92fdc78ef84d1f1fd630f', 'Talinda Lee', null, '15928028420', null, null, '1', '2017-05-16 16:17:53', null), ('66854', null, null, 'zPqzMw', '09269b3a069b594186ebac78e0649455', '明天更好', null, '13551260666', null, null, '1', '2017-05-16 16:20:20', null), ('66855', null, null, 'oH2Hyy', '6f3b96698beab25dd4ccfdc893217501', '王满意', null, '13935676026', null, null, '1', '2017-05-16 16:24:19', null), ('66856', null, null, 'gY83Qf', '0c9fd3becf938a236dc931be6a542601', '小袋鼠妈妈', null, '18081072007', null, null, '1', '2017-05-16 16:31:26', null), ('66857', null, null, '0QhWyx', '952a05a2e655e923135bf662323534ee', '果果', null, '13981168356', null, null, '1', '2017-05-16 16:34:04', null), ('66858', null, null, 'LIsiqb', '8999689edf198de0aa5bf26283d5d77a', '小橙子', null, '13980531365', null, null, '1', '2017-05-16 16:36:09', null), ('66859', null, null, 'cILHUK', 'b6db844f2dec5abee7d4fed0a409cb45', '赵岩', null, '18108019489', null, null, '1', '2017-05-16 16:38:03', null), ('66860', null, null, 'fWbZrh', 'b0fdd98b86ac767e43c1cb0701709ca9', '欣欣', null, '13881264074', null, null, '1', '2017-05-16 16:40:07', null), ('66861', null, null, 'rWDh7T', '3e898a692d9b5e8c7fab765b5c8723dd', '微笑流浪', null, '13408092169', null, null, '1', '2017-05-16 16:40:14', null), ('66862', null, null, 'dj02p2', '3164fe232a352ab23684d3e0fab169bc', '闲逛的叮咚', null, '13881822090', null, null, '1', '2017-05-16 16:43:40', null), ('66863', null, null, 'wS46qf', 'e945ec3cadf4d34ea996f3d32484001e', '许先', null, '15804727612', null, null, '1', '2017-05-16 16:47:01', null), ('66864', null, null, 'ldCNiE', 'd992da634f7ea664e7315178fd33303c', '传统中医', null, '13319213358', null, null, '1', '2017-05-16 16:50:13', null), ('66865', null, null, '4AOLDh', 'd7ae35fde3d28ab63a67cb7e7e91fbf5', 'hheg', null, '15328232627', null, null, '1', '2017-05-16 16:55:29', null), ('66866', null, null, 'iV905S', 'ac27d3f3e8cd400b4f43504e5e207069', '天妮', null, '13438840442', null, null, '1', '2017-05-16 17:01:32', null), ('66867', null, null, 'sibGgv', '623cff1f9228a9c65827a4fc9e0609a3', '走稳走快走在前', null, '18380280028', null, null, '1', '2017-05-16 17:02:25', null), ('66868', null, null, 'CHOBGh', '3cf2f79ec48c873ea11a24cde7b6d5c8', '轶丁点儿', null, '13808189601', null, null, '1', '2017-05-16 17:04:25', null), ('66869', null, null, 'HZZOXv', 'b079b6424f3ec65a08c22633163ce142', '席贵', null, '18689880755', null, null, '1', '2017-05-16 17:05:10', null), ('66870', null, null, 'K9lNda', '4294a4a3ad54a13c981a3af995b0ab84', '杨轶', null, '18708135676', null, null, '1', '2017-05-16 17:06:07', null), ('66871', null, null, '1PXCvx', 'd6cf20b40345aad402e98da1fe1212dc', '六儿秋秋', null, '13709012816', null, null, '1', '2017-05-16 17:14:11', null), ('66873', null, null, 't1gfPv', 'b887a0aa29f9fcfd79a271493f355d43', '痘痘', null, '17138087324', null, null, '1', '2017-05-16 17:14:11', null), ('66874', null, null, '1MAKj7', '912403f8b6519987850e66a28fcee64d', '老高私家菜', null, '18583989980', null, null, '1', '2017-05-16 17:19:30', null), ('66875', null, null, 'vM2QvR', 'bb201b9039f67be4ad34d87615549edd', '树平', null, '17340200473', null, null, '1', '2017-05-16 17:21:17', null), ('66876', 'http://app.myflsk.com/upload/avatar/1498811751560.png', null, 'f89W0g', '704acce2a9623fa820ef1fe3c23ef753', '蚂蚁', null, '18781042002', null, null, '1', '2017-05-16 17:21:40', null), ('66877', null, null, 'Yn9sXn', 'c75c4d04ed8fd3eb1325e0370d24d2db', '桂桂阳', null, '13980984077', null, null, '1', '2017-05-16 17:21:54', null), ('66878', null, null, 'N71U0D', '451f349425ae3479aab7b9b927646d98', '兔子', null, '13252881332', null, null, '1', '2017-05-16 17:23:05', null), ('66879', null, null, 'URL5bZ', '11aeb5a357a637ba4ed031ba2c432ac0', '豌豆', null, '18080877258', null, null, '1', '2017-05-16 17:23:41', null), ('66880', null, null, 'NghtDw', 'd4b4841a9dfe23bc33cd1b37b7098a37', '富朗之楠', null, '15928804041', null, null, '1', '2017-05-16 17:25:43', null), ('66881', null, null, 'bC8TMy', '8f57b8385abed0fa920b44f506bb9d1d', '旺旺', null, '13730613025', null, null, '1', '2017-05-16 17:28:39', null), ('66882', null, null, '5NeSEh', '472ed92a628fd18b807a50821d2e61e6', '天狼', null, '13909412207', null, null, '1', '2017-05-16 17:32:24', null), ('66883', null, null, 'k6drvK', '223fac7c93a9b2e69d56dd782c89ddcb', '彭', null, '18728426839', null, null, '1', '2017-05-16 17:36:24', null), ('66884', null, null, 'cvSlTB', '0bf32606b1c9a71ecf68b3e64a4db57f', '华子', null, '13982014566', null, null, '1', '2017-05-16 17:39:14', null), ('66885', null, null, '7HKQVt', 'bc586b244287e3083fc1b0fdfe54d7e6', '来也', null, '13709079799', null, null, '1', '2017-05-16 17:44:08', null), ('66886', null, null, 'QaGLtU', '004687577b6ea69a3b6b1dd9fb6cc6ba', '豆豆艺', null, '13981178258', null, null, '1', '2017-05-16 17:45:38', null), ('66887', null, null, 'stKUKT', 'd3bb5824e158cd4811a5616c445980ba', '涛涛', null, '18980709555', null, null, '1', '2017-05-16 17:54:43', null), ('66888', null, null, '2ctbNj', '5a8c7401da9683e25a8965436967f880', '天上彩云', null, '15884609773', null, null, '1', '2017-05-16 17:55:39', null), ('66889', null, null, 'iBLjrh', '9d28e8b8ed2a0e4607c7b5a982fe339c', '17716123875', null, '17716123875', null, null, '1', '2017-05-16 18:26:23', null), ('66890', null, null, 'EWb3iK', 'd4bcca9e86070aa8fdc9b69e64111ac1', 'April', null, '13408225020', null, null, '1', '2017-05-16 18:29:12', null), ('66891', null, null, 'lx9352', '8f969abb2b669d371753450029f9d893', '小妍妹', null, '13808110676', null, null, '1', '2017-05-16 18:35:06', null), ('66892', null, null, 'L7LeR4', '3af300068048085b0f08bba8de003d95', '雅', null, '13981108096', null, null, '1', '2017-05-16 18:36:47', null), ('66893', null, null, 'vYpeDZ', 'e532bf5b72dabd2838325c889220e01b', '泽英', null, '18683771801', null, null, '1', '2017-05-16 19:13:14', null), ('66894', null, null, 'HGPn3R', '9de7e713828d7a9afffbdb7780f119e5', 'star', null, '13881921027', null, null, '1', '2017-05-16 19:35:24', null), ('66895', null, null, 'aRG2Vm', '65be727201e5aef1cb4c52ce7e6c6508', '小风', null, '15680083899', null, null, '1', '2017-05-16 19:42:39', null), ('66896', null, null, 'JTOaRK', '0afdc72867a326821b2e48705eb06ee5', '圆圆', null, '15882439981', null, null, '1', '2017-05-16 19:53:24', null), ('66897', null, null, 'QJxi1B', '1cfaaba8119537059c4208537118eeaa', 'JackAsdemy', null, '18613230273', null, null, '1', '2017-05-16 20:06:32', null), ('66898', null, null, '2ewSpO', '72067b2886c722c58f1322abf901d0ca', '兰花', null, '18819298496', null, null, '1', '2017-05-16 20:13:53', null), ('66899', null, null, '0Or0Nh', 'c53ecc14b85f273f58ea56590bed0431', '绿茶', null, '13679065318', null, null, '1', '2017-05-16 20:21:42', null), ('66900', null, null, 'r0jMgL', '503d195941af3831c15377157f263594', '鑫心相印', null, '13880328637', null, null, '1', '2017-05-16 20:26:41', null), ('66901', null, null, '5ileNC', '232f5bad5846c3309bdcfb2ffa1569ee', '舞中莲', null, '18980943132', null, null, '1', '2017-05-16 20:31:07', null), ('66902', null, null, 'zZEUWm', '54a870625f7245f22ade110d76d83e02', 'Alan', null, '15102816546', null, null, '1', '2017-05-16 20:33:16', null), ('66903', null, null, 'RzCUji', '1dc13596793effd1f6b6bcd468fa436d', '云创通', null, '13149937512', null, null, '1', '2017-05-16 20:44:57', null), ('66904', null, null, 'HNimgT', '744812367e13bc3db59d31792f027925', '陈云秀', null, '15228880384', null, null, '1', '2017-05-16 21:21:31', null), ('66905', null, null, '3490l6', '2388a820a2a6c93dbf047f031261482f', 'Star', null, '15923248770', null, null, '1', '2017-05-16 21:47:50', null), ('66906', null, null, 'hXDjQF', '72a15f2dcedc27aa2a00498f1e37e868', '北风', null, '15281009289', null, null, '1', '2017-05-16 21:55:30', null), ('66907', null, null, 'RuCXIo', 'bd12b0ffbfb09dcc28c3101b6a683eaf', '阿巫', null, '13060000192', null, null, '1', '2017-05-16 22:01:11', null), ('66908', null, null, 'dPlDKz', 'a21d2cdba8827b5203ba7cd1d5178a7c', '白先生', null, '13980072005', null, null, '1', '2017-05-16 22:05:56', null), ('66909', null, null, 'w2Rqc4', '54ca866b6344dab027d6f3a99dd4b732', '艾米', null, '13795619774', null, null, '1', '2017-05-16 22:15:28', null), ('66910', null, null, 'YDO9A2', '350c339717bdc506abc4f45aeac10acc', '毛毛', null, '18615776299', null, null, '1', '2017-05-16 22:41:31', null), ('66911', null, null, '9oozJY', 'b8236b3a713162fee1a58def9b1a2f58', '多多', null, '13980463465', null, null, '1', '2017-05-16 22:46:34', null), ('66912', null, null, 'df3aBI', 'e33a169d4fac2948dd52219c23377774', '小海', null, '15002829686', null, null, '1', '2017-05-16 22:56:43', null), ('66913', null, null, 'VLzhnd', 'ded27404d51681c20e5a76a2d4c2e587', '果果', null, '13679093337', null, null, '1', '2017-05-17 00:54:09', null), ('66914', null, null, 'BTvcQn', '8a94ee18d8b3dfee023d440637bd91ea', '淡蓝色天', null, '18030592208', null, null, '1', '2017-05-17 02:56:41', null), ('66915', null, null, 'BFIPUk', '00559bab2b1fc6e857baaeb25a0e475c', '飞龙', null, '13982219209', null, null, '1', '2017-05-17 12:04:00', null), ('66916', null, null, 'dE526b', '3b0a02f6943e6e1f5d7e91256e848c5b', '丁一', null, '13696177118', null, null, '1', '2017-05-17 12:08:09', null), ('66917', null, null, 'yCH1rr', 'faa64cc0d8f2185042d87fbcfe9f6a92', '华姐', null, '13679005904', null, null, '1', '2017-05-17 12:16:04', null), ('66918', null, null, 'Jblfw8', '91935af159780d92ca00cc0106526869', '鹅卵石', null, '13980963161', null, null, '1', '2017-05-17 13:20:32', null), ('66919', null, null, 'o3dS7Q', 'a0b5fc0ef63776cbfd63f4c66e350b97', '阳阳', null, '13472979055', null, null, '1', '2017-05-17 13:25:19', null), ('66921', null, null, 'rO1zJE', '0abcac481aa3df704ef2d5b3790464c0', 'camel63', null, '18113001616', null, null, '1', '2017-05-17 13:49:16', null), ('66922', null, null, 'zaOftT', '82473068819f051e019edac10905f835', '熊熊', null, '13881991882', null, null, '1', '2017-05-17 14:06:17', null), ('66923', null, null, 'AhAu6C', '3d607e34f75fe1a8d6f6edcfddfb77ab', '膝盖哥', null, '18602868882', null, null, '1', '2017-05-17 16:30:06', null), ('66925', null, null, 'XoRmpJ', 'ba1b557e0893926d0315bb6237a2e74b', '佑手', null, '15202825122', null, null, '1', '2017-05-17 16:49:21', null), ('66926', null, null, 'HAQiUl', '4c308ca6eed90dbc8fd21b1be88f4c54', '九尾', null, '13732283560', null, null, '1', '2017-05-17 17:55:19', null), ('66927', null, null, '1Jr61Z', 'e2ec606ffb32e37fb7fb522a889c9b8c', '凤姐', null, '13618031081', null, null, '1', '2017-05-17 20:08:00', null), ('66928', null, null, 'IE078H', 'e982e9e815a3409fa5e5071b70ad3d04', 'Agatha', null, '18349185775', null, null, '1', '2017-05-17 20:15:37', null), ('66929', null, null, '4J51JP', '90670a13870fb5dd7273555df85debae', '屁屁', null, '13709826257', null, null, '1', '2017-05-17 20:28:32', null), ('66930', null, null, 'TlY2x4', '0dfaccb9a7e0d85c0be6926f686b5818', '大王叫我来巡山', null, '18108271858', null, null, '1', '2017-05-17 20:33:41', null), ('66931', null, null, '0tZnf1', '07008a557ca2f09e9d7ff041c86a0185', '安静', null, '18010545610', null, null, '1', '2017-05-17 21:02:26', null), ('66932', null, null, 'x2EXr2', '4282a0feaa2ec214ddd639d7ecb4c30c', 'Y   J', null, '15181628629', null, null, '1', '2017-05-17 21:21:31', null), ('66933', null, null, 'Pq4ySP', 'a60afdf5adcaccd9291af57a091b777c', '樱桃11', null, '18628136775', null, null, '1', '2017-05-17 21:29:49', null), ('66934', null, null, 'RdYNRj', '5f9b2cc585380165d08c0998b5f8e029', '周周', null, '17008258466', null, null, '1', '2017-05-17 21:55:11', null), ('66935', null, null, 'RHCO5X', '30b51aadee04d6ca6a01ed04de900aab', '自平博', null, '13853928811', null, null, '1', '2017-05-17 21:57:55', null), ('66936', null, null, '6MJz2l', '623f80fb8adaaaa6130771749824541e', '一粒沙', null, '13981858251', null, null, '1', '2017-05-17 23:05:26', null), ('66937', null, null, 'kahdaz', '61b09b36c7416d94f6ba8476810ab025', '白着呢', null, '18780031195', null, null, '1', '2017-05-17 23:38:13', null), ('66938', null, null, 'su', '99308b9c902ff952c5a84cea7ec74ebe', '克林', null, '13398189827', null, null, '1', '2017-05-18 07:40:51', null), ('66939', null, null, '77GpdF', 'd0e78f0dbb46ee1d9b0873ae2af15da7', '开心', null, '15184312303', null, null, '1', '2017-05-18 07:48:50', null), ('66940', null, null, 'g56dlD', '8b61309538fd30e03d1860b49e342c5e', '指间de落寞', null, '13880859959', null, null, '1', '2017-05-18 08:43:14', null), ('66941', null, null, 'dCqIZN', 'fca9e0503bfc69ebd6174edb8f9866df', '', null, '18828037999', null, null, '1', '2017-05-18 16:07:56', null), ('66942', null, null, 'qnyg6v', '53426cb20abbef680b903c5b5c7e6d79', '曾莉', null, '18980001707', null, null, '1', '2017-05-18 16:09:45', null), ('66943', null, null, 'VID7Mm', '9b4f63f86f4bc7da38f6b2b38c3323fd', '淼-cm', null, '13550864786', null, null, '1', '2017-05-18 22:51:32', null), ('66944', null, null, 'cK2U5V', 'dec1d90bfbcfe491ae357e3a8a917e77', '我', null, '13882019993', null, null, '1', '2017-05-19 10:12:52', null), ('66945', 'http://app.myflsk.com/upload/avatar/1498713397625.png', null, 'BUirNT', '0ead517f8427fbe4d75cc1a1f13149b0', '伊泰拉', null, '13980623970', null, null, '1', '2017-05-19 17:19:31', null), ('66946', null, null, '2WLWNM', '0b512737ec451055c374d9ba1b74422b', '罗敏', null, '15902820141', null, null, '1', '2017-05-19 18:52:16', null), ('66947', null, null, 'O5h7lV', '29cccb27f4d9d1b77bb514afbbff70bc', '陈歪歪', null, '13688162336', null, null, '1', '2017-05-19 18:52:23', null), ('66948', null, null, '1QOlO0', '10d4280ad2a77812f45197715d83f209', '仁者无忧', null, '13908065915', null, null, '1', '2017-05-19 22:36:41', null), ('66949', null, null, 'HHP6Fy', '1362896b5c33ee01c068226feb6d3a19', '英英', null, '13880627002', null, null, '1', '2017-05-19 22:44:40', null), ('66950', null, null, 'BYV7wu', '7f9a9f9e179f5a165d4cba52f9ea98f9', '尘埃落定', null, '13980422212', null, null, '1', '2017-05-20 00:13:49', null), ('66951', null, null, '5c4rQN', '08ea88ee96ed85795307212ac1bd4153', '恬恬', null, '18980684948', null, null, '1', '2017-05-20 09:46:49', null), ('66952', null, null, 'dQE5Pe', '38b9f42563151126a91ab1c2a2d21c58', '桃之夭夭', null, '13438045966', null, null, '1', '2017-05-20 09:47:07', null), ('66953', null, null, 'EqXB2x', 'cb82b42a4d9fd296d946b64a02608659', '康艳丽', null, '13668285560', null, null, '1', '2017-05-20 11:04:30', null), ('66954', null, null, 'Z49sWQ', 'f2f802f1e15e1a0066cdc40b5b00a177', '蕙质兰心', null, '13808231945', null, null, '1', '2017-05-20 17:34:04', null), ('66955', null, null, '9SaT9z', 'e6488d5a02a80e7d286728cb36c8379f', '菡萏', null, '13183800060', null, null, '1', '2017-05-20 19:34:54', null), ('66956', null, null, 'NcGaFG', 'f3031b6352dcd09fe53af58bb43b6524', 'David', null, '18980417292', null, null, '1', '2017-05-21 09:01:29', null), ('66957', null, null, 'bBqfXA', '07f9c3863e58c5cb2285b80074d31860', '茜Q', null, '13708201716', null, null, '1', '2017-05-21 09:30:56', null), ('66958', null, null, '0ASdlj', '9784eeb1dc5604bc904648b020444775', 'vivi', null, '13668246998', null, null, '1', '2017-05-21 09:40:22', null), ('66959', null, null, 'lqoEON', 'e87506bb08bdbad7b98ecd4d3887e904', '轻舞飞扬', null, '13699477737', null, null, '1', '2017-05-21 09:40:46', null), ('66960', null, null, 'nVx7Sy', 'b00a3ee59773f8a4f5f1bd7475dfcc57', '六福', null, '13708185383', null, null, '1', '2017-05-21 09:46:46', null), ('66961', null, null, '1Hnc6X', 'a0ff00205818388b598cf1c919b260cb', 'radeon1908', null, '13890296547', null, null, '1', '2017-05-21 10:19:50', null), ('66962', null, null, 'sFP2iu', '60f99b62277967b4ac4d3f82847c75d6', '大卡', null, '18980709673', null, null, '1', '2017-05-21 10:32:20', null), ('66963', null, null, '4KW67a', 'dd3ee5095190f2c6bac18c99c424ca64', '康康', null, '18683952035', null, null, '1', '2017-05-21 10:34:00', null), ('66964', null, null, 'x9DQrV', '74aa3ab9ed1a1aca0f4c56ee31e18143', '小锋', null, '13551139856', null, null, '1', '2017-05-21 11:06:15', null), ('66965', null, null, 'h0I5vn', 'fa37334ada21bd56baf1120c567cbbf5', '多多', null, '13205208830', null, null, '1', '2017-05-21 11:41:51', null), ('66966', null, null, 'dZ80Dj', '96c3994e451ec1bdc5ba02045bfed16d', '山力', null, '13688451443', null, null, '1', '2017-05-21 12:17:49', null), ('66967', null, null, 'Q9RJa2', '3d4337e4303f433bb21730713fdedef8', '梅子', null, '13981169623', null, null, '1', '2017-05-21 12:27:42', null), ('66968', null, null, 'tRYtep', '2231b1d048fe5b94c28a0a529cded43c', '立青', null, '13921090122', null, null, '1', '2017-05-21 12:30:29', null), ('66969', null, null, 'NEn8Fe', '17aa8b0d198d4358fcf1e4ed5dc4de07', 'a静', null, '18328665198', null, null, '1', '2017-05-21 12:35:11', null), ('66970', null, null, 'IR7vMi', 'b807f53c1ebe7b83834f0bfa1a581cb7', '朝霞漫天', null, '18081976511', null, null, '1', '2017-05-21 13:26:22', null), ('66971', null, null, 'GdqCBJ', '8edb63e9292473879b554044aba39e2b', '唐唐', null, '13822246193', null, null, '1', '2017-05-21 15:41:53', null), ('66972', null, null, 'KGmwNb', 'e532d303e511e6a06770deb968e503c6', '方方', null, '15198270097', null, null, '1', '2017-05-21 17:30:11', null), ('66973', null, null, 'Me8ep8', '4d62f460b49fbd279cb44ab0b1222d9d', '风声如斯', null, '13350971733', null, null, '1', '2017-05-21 18:39:14', null), ('66974', null, null, 'zVbi2G', '2d763bc5fb4ff57483f54cabe1cac272', '阳哥', null, '13981732187', null, null, '1', '2017-05-21 21:08:52', null), ('66975', null, null, 'QwaBi3', 'c1494b30b7c2d0454ae1fce52f9282d6', '小张', null, '15828666354', null, null, '1', '2017-05-21 22:24:31', null), ('66976', null, null, 'TEnjLG', 'da87033a49cff8db54997e86078d82ea', '哈喽哈喽', null, '15696232666', null, null, '1', '2017-05-21 22:42:42', null), ('66977', null, null, 'C12sDo', '95ff47730487985d60eb3bbf7b740ff1', '望了9', null, '15371999156', null, null, '1', '2017-05-22 07:23:05', null), ('66978', null, null, 'PjCQKC', '107035b3ebe2014cd4ddd2bd3b7d6221', '恐龙哥哥', null, '13980834949', null, null, '1', '2017-05-22 11:34:09', null), ('66979', null, null, 'eNBuNK', 'f038065c180a5761c3717eaf593129ec', '星', null, '18502847671', null, null, '1', '2017-05-22 13:51:32', null), ('66980', null, null, 'URErRd', 'e3d93253680679a976dedd95871668f7', '锅里', null, '13808111059', null, null, '1', '2017-05-22 20:18:57', null), ('66981', null, null, 'qLFyIn', 'b4c2ad3d49cb4ed733e8cc93e3017e15', '北冰洋', null, '13313143793', null, null, '1', '2017-05-22 20:56:14', null), ('66982', null, null, '8AqFnu', 'afed5ee895d3e737d67ea0ed1166bc0f', '蝶灿', null, '13501778897', null, null, '1', '2017-05-24 23:58:24', null), ('66983', null, null, 'loiKWR', '6f321047c2215f43cf2224ee1bb5f289', '噜噜睡了', null, '18080138206', null, null, '1', '2017-05-25 17:01:01', null), ('66984', null, null, '9DnR8i', '0421d3e0af6a07c409d9dae12efbdffb', '噜噜醒了', null, '18161287926', null, null, '1', '2017-05-25 17:06:00', null), ('66985', null, null, 'f5FOml', 'e1d71cf19fa9fc2acf1663057fb25909', 'gina', null, '13086682153', null, null, '1', '2017-05-25 19:17:45', null), ('66986', null, null, 'Hsy534', '6174f3b0417966e5e0448ede4df806d7', '珍妮', null, '15208385461', null, null, '1', '2017-05-25 22:08:28', null), ('66987', null, null, 'IPShRo', 'd1cd0e681c1b883ff0b8277cb54911d4', '空门', null, '15196640902', null, null, '1', '2017-05-26 15:06:52', null), ('66988', null, null, '7rwo9V', '37867722d655fc0ff88546ccf3f79cf1', '刘彬', null, '13880820200', null, null, '1', '2017-06-01 17:00:07', null), ('66989', null, null, 'nb2u4F', '2775881e060eaba92f7b4e7754aeb4bd', '与.否', null, '18508109871', null, null, '1', '2017-06-01 17:27:48', null), ('66990', null, null, 'jpjU8F', 'd41c0c9354830f4fe4f6124bc837c373', '文张', null, '13408558155', null, null, '1', '2017-06-01 17:31:48', null), ('66991', null, null, 'vvmOgH', '8b0fbbf61b84a54cadad7f7aa90df907', '一米阳光', null, '13558933777', null, null, '1', '2017-06-01 17:48:52', null), ('66992', null, null, 'AFLHUm', 'bdc8ba60d0b022ceac40f9602b923c2b', '夜风', null, '13758510692', null, null, '1', '2017-06-01 18:01:13', null), ('66993', null, null, 'YccqFd', '590216a1ffa2d820ce03e6e5d0a6924a', 'ZLing', null, '18602832880', null, null, '1', '2017-06-01 18:17:38', null), ('66994', null, null, 'EOVeWE', '6cc14ed78290ddf398b2899d67f46f49', '暖暖', null, '13458644096', null, null, '1', '2017-06-01 19:57:26', null), ('66995', null, null, 'pGw7Z9', '79d82cad2b425a9f01b877e8c00f704d', '哇猪猪的嘛', null, '13808189932', null, null, '1', '2017-06-01 19:59:57', null), ('66996', null, null, 'iNo2K2', '5d1fbed6b8a4a19636c7d91b77931751', '陈柏亦', null, '15982416700', null, null, '1', '2017-06-01 20:12:15', null), ('66997', null, null, 'rQyNmz', 'c875742301a1c117911fa620ccf6447c', '橙子爱依林', null, '15196606519', null, null, '1', '2017-06-01 20:27:08', null), ('66998', null, null, 'iqcKYM', 'b0af85c1f2b8ff22bfa17fba7c4c6f73', '小草', null, '17761243453', null, null, '1', '2017-06-01 20:43:29', null), ('66999', null, null, 'Hjyqrv', '0b0ccf2b9f7a303ef0c5fddd2b6bdc59', '邱邱', null, '13699023997', null, null, '1', '2017-06-01 20:49:56', null), ('67000', null, null, 'Dkm8Z0', '5bdc05473df94f5fd420ca6fdd3d874a', '太空堡垒', null, '13350080048', null, null, '1', '2017-06-01 21:03:50', null), ('67001', null, null, '2zYuPm', '211c257b62e4be6fe34d0d841dbe7bca', '嘟嘟', null, '13608040888', null, null, '1', '2017-06-01 21:03:56', null), ('67002', null, null, 'lU1XTe', '61d7a07ebcf049ac5198c95d3f7f8f32', '迈瑞', null, '13858519420', null, null, '1', '2017-06-01 21:12:17', null), ('67003', null, null, 'Rf9N27', 'ed6ddea5410f836066b04da648d10052', '禄姐', null, '13628026238', null, null, '1', '2017-06-01 21:41:32', null), ('67004', null, null, '3M63mY', '4753e051cd41329233f550d27f233acf', '香烟', null, '18980882507', null, null, '1', '2017-06-01 23:32:39', null), ('67005', null, null, 'CKx64r', 'a29f72f11378fc50c765e2fa11a411b6', '晴子', null, '13032831363', null, null, '1', '2017-06-02 06:31:43', null), ('67006', null, null, 'uYRA8p', 'bbaf632d24f52fe18f5818761ff471e5', '仙人掌', null, '13438271784', null, null, '1', '2017-06-02 10:26:55', null), ('67007', null, null, 'FTwDFt', 'd9bfbbba9578eb58971c42a48d4d069f', '邱邱', null, '15528171528', null, null, '1', '2017-06-02 10:33:40', null), ('67008', null, null, 'SiKZsn', '84451053e37a8f2b010a28bcd51c074e', '李毅', null, '17760156669', null, null, '1', '2017-06-02 10:40:15', null), ('67009', null, null, 'xx0RIe', '12cbf45e2c7bf37cacbe8aa1209366a4', '纯爷们', null, '15982203881', null, null, '1', '2017-06-02 10:43:28', null), ('67010', null, null, 'qVLBFU', 'cb373d8927d3ca9821b28ce1ff4e66a8', '娟小妹妹妹', null, '15608071313', null, null, '1', '2017-06-02 10:54:59', null), ('67011', null, null, 'uhBvC6', 'f2e942aa6833f26022753213ac932121', 'GERBayer水光芯', null, '18980783092', null, null, '1', '2017-06-02 11:10:08', null), ('67012', null, null, 'nyLVLp', '09d40453d81aea8f0b3eab2d9cc6eb52', '黎娃子', null, '15828505567', null, null, '1', '2017-06-02 11:30:37', null), ('67013', null, null, 'SlUb53', 'c6eee4958d46737bf7fad9b49df745f4', 'bob', null, '18628360102', null, null, '1', '2017-06-02 13:15:15', null), ('67014', null, null, 'oXgoLB', '72223f0e352b97de3730c3ce1eb974c1', '龙', null, '18782246539', null, null, '1', '2017-06-02 13:29:14', null), ('67015', null, null, 'ePwa6P', '9fc9e7f2f08d8b985076c758e4d1b5dd', '王金', null, '17761234723', null, null, '1', '2017-06-02 13:34:21', null), ('67016', null, null, 'Sw370p', 'c61a978db21c74e7232a3a93e5b1b21a', '小沃谷', null, '18702384690', null, null, '1', '2017-06-02 13:34:32', null), ('67017', null, null, 'KVX9FQ', '555c773f0fa4e8c35c01ba2035503b3a', '曾青青', null, '15378574211', null, null, '1', '2017-06-02 13:35:26', null), ('67018', null, null, '2NAcPP', 'db88bf4aab1a36c9d9c51bdfc0bdceaa', '潘潘', null, '18161181121', null, null, '1', '2017-06-02 14:27:27', null), ('67019', null, null, 'YPs9oI', 'fb2f29a7da7bb5b482e27ddccbc094dd', 'XXYi', null, '13568950052', null, null, '1', '2017-06-02 18:50:30', null), ('67020', null, null, 'o1X1ZV', '618f7d7829cdcca98081747e70194400', '涵涵', null, '15902822714', null, null, '1', '2017-06-02 19:53:16', null), ('67021', null, null, 'Pzb4W4', '88bd4fc0bfa3b8b3f74000d305aa9ee6', '月月', null, '18696765533', null, null, '1', '2017-06-02 19:56:40', null), ('67022', null, null, 'gn4qBa', 'e5f93b70a7ccf7481684c334c5a28ad9', '芊大爷', null, '13880613613', null, null, '1', '2017-06-02 19:58:24', null), ('67023', null, null, '42tvaN', 'b66e700f338607e3f6cae3669bcef352', '大嘴巴', null, '13948009043', null, null, '1', '2017-06-03 09:15:24', null), ('67024', null, null, 'Jq2yHf', 'f2766be9fce7cad69e5218c6dfe3c755', '虫虫', null, '18247869618', null, null, '1', '2017-06-03 22:51:17', null), ('67025', null, null, 'qAPz7I', '063331933b8a91b2d710a93f4e9b1e35', '天天向上', null, '13706286806', null, null, '1', '2017-06-04 07:32:47', null), ('67026', null, null, 'dTrSzX', '6d9188a345bb50735c9096a802fe02b8', '小魔王', null, '15625256628', null, null, '1', '2017-06-08 07:35:28', null), ('67027', null, null, 'Gq3Q6i', 'c82410e00f0758702528d33d62315013', 'nickname', null, '15677067264', null, null, '1', '2017-06-08 22:57:18', null), ('67028', null, null, 'xYMaQt', '3fddb251b5ec8cab88a211d28450d806', '哦没有', null, '18980646964', null, null, '1', '2017-06-20 08:15:05', null), ('67031', null, null, 'su', '99308b9c902ff952c5a84cea7ec74ebe', '盖帮收银员', null, '18683699960', null, null, '1', '2017-06-29 12:14:36', null), ('67032', null, null, '9m3h6o', '9f2adacf03ac14c58c48503632c62fb9', 'Cathyu', null, '13408580986', null, null, '1', '2017-06-29 13:21:53', null), ('67033', null, null, 'F4FBmd', '1ae1d55cd221c34eda706f9d552e7e52', '1十1', null, '15198195564', null, null, '1', '2017-06-29 14:19:37', null), ('67034', null, null, 'su', '99308b9c902ff952c5a84cea7ec74ebe', '樱桃园收银员', null, '18328692645', null, null, '1', '2017-06-29 12:14:36', null), ('67035', '/upload/avatar/36b5d691542c2f6969b0dbc6cb033609.jpg', null, null, null, '富朗之楠', null, null, '2017-06-30 12:02:13', '1', '1', '2017-06-30 12:02:13', null), ('67036', null, null, 'IaERyo', 'b2c780eba9e8a62cd10101fbf34ce890', 'susanna', null, '13348817502', null, null, '1', '2017-06-30 18:01:07', null), ('67037', null, null, 'Ms4jKO', 'c956f2be86d4a29f35351ff44b5f5bea', '虎虎', null, '13408560502', null, null, '1', '2017-06-30 18:36:00', null), ('67038', null, null, 'xy9U0F', '6e76304ea6772686516728d5bb8a9701', '蓝瘦香菇', null, '18408250990', null, null, '1', '2017-06-30 19:17:06', null), ('67039', 'http://app.myflsk.com/upload/avatar/1498822619856.png', null, 'Qcsr5r', 'aee4040bedab33e7a2d9123dc9d13491', 'Vitamin', null, '13982216978', null, null, '1', '2017-06-30 19:36:12', null);
COMMIT;

-- ----------------------------
--  Table structure for `t_user_role`
-- ----------------------------
DROP TABLE IF EXISTS `t_user_role`;
CREATE TABLE `t_user_role` (
  `id` int(11) NOT NULL AUTO_INCREMENT,
  `user_id` int(11) DEFAULT NULL,
  `role_id` int(11) DEFAULT NULL,
  `update_time` datetime DEFAULT CURRENT_TIMESTAMP ON UPDATE CURRENT_TIMESTAMP COMMENT '创建或更新时间',
  PRIMARY KEY (`id`)
) ENGINE=InnoDB AUTO_INCREMENT=3 DEFAULT CHARSET=utf8 COMMENT='用户 - 角色表';

-- ----------------------------
--  Records of `t_user_role`
-- ----------------------------
BEGIN;
INSERT INTO `t_user_role` VALUES ('1', '1', '1', '2017-02-14 09:03:16'), ('2', '1', '2', '2017-02-15 11:06:37');
COMMIT;

SET FOREIGN_KEY_CHECKS = 1;
