/*
 Navicat Premium Data Transfer

 Source Server         : MySQL
 Source Server Type    : MySQL
 Source Server Version : 50636
 Source Host           : localhost
 Source Database       : flsk

 Target Server Type    : MySQL
 Target Server Version : 50636
 File Encoding         : utf-8

 Date: 10/25/2017 21:14:23 PM
*/

SET NAMES utf8mb4;
SET FOREIGN_KEY_CHECKS = 0;

-- ----------------------------
--  Table structure for `t_permission`
-- ----------------------------
DROP TABLE IF EXISTS `t_permission`;
CREATE TABLE `t_permission` (
  `id` int(11) NOT NULL AUTO_INCREMENT,
  `parent_id` int(11) DEFAULT NULL,
  `name` varchar(32) DEFAULT NULL COMMENT '权限名称',
  `code` varchar(32) DEFAULT NULL COMMENT '权限代码',
  `icon_class` varchar(32) DEFAULT NULL COMMENT '菜单前面的图标css',
  `description` varchar(64) DEFAULT NULL COMMENT '权限描述',
  `url` varchar(64) DEFAULT NULL COMMENT '资源链接地址 - 生成菜单时使用',
  `menu_status` int(1) DEFAULT NULL COMMENT '该资源是否是菜单标志 - 生成菜单时使用',
  `status` int(1) DEFAULT NULL COMMENT '是否启用: 0禁用 1启用',
  `create_time` datetime DEFAULT NULL COMMENT '创建时间',
  PRIMARY KEY (`id`)
) ENGINE=InnoDB AUTO_INCREMENT=603 DEFAULT CHARSET=utf8 COMMENT='权限表 - 资源+操作';

-- ----------------------------
--  Records of `t_permission`
-- ----------------------------
BEGIN;
INSERT INTO `t_permission` VALUES ('1', '0', '用户管理', null, 'icon-wrench', null, null, '1', '1', '2017-02-17 13:55:53'), ('2', '1', '用户管理-新增', 'user:add', 'icon-user', '用户管理-新增', '/user/add', '1', '1', '2017-02-14 08:49:28'), ('3', '1', '用户管理-锁定', 'user:lock', null, '用户管理-锁定', null, '0', '1', '2017-02-14 08:59:44'), ('4', '1', '用户管理-编辑', 'user:edit', null, '用户管理-编辑', '/user/edit', '0', '1', '2017-02-14 08:59:44'), ('5', '1', '用户管理-列表', 'user:list', 'icon-briefcase', '用户管理-列表', '/user/list', '1', '1', '2017-02-14 08:59:44'), ('6', '1', '用户管理-解锁', 'user:unlock', null, '用户管理-解锁', null, '0', '1', '2017-02-14 08:59:44'), ('7', '0', '角色管理', null, 'icon-columns', null, null, '1', '1', '2017-02-17 13:57:25'), ('8', '7', '角色管理-新增', 'role:add', 'icon-columns', '角色管理-新增', '/role/add', '1', '1', '2017-02-15 10:55:00'), ('100', '0', '系统配置管理', null, 'icon-columns', null, null, '1', '1', '2017-03-22 13:03:12'), ('200', '0', '权限管理', null, 'icon-columns', null, null, '1', '1', '2017-03-22 13:03:12'), ('201', '200', '权限树', 'permission:show', 'icon-briefcase', '权限树', '/permission/show', '1', '1', '2017-02-14 08:59:44'), ('202', '200', '角色管理', 'role:list', 'icon-briefcase', null, '/role/list', '1', '1', '2017-02-14 08:59:44'), ('203', '200', '用户管理', 'user:list', 'icon-briefcase', '', '/user/list', '1', '1', '2017-02-14 08:59:44'), ('300', '0', '店铺管理', null, 'icon-columns', null, null, '1', '1', '2017-03-22 13:03:12'), ('301', '300', '店铺列表', 'shop:list', 'icon-briefcase', '店铺管理-列表', '/shop/list', '1', '1', '2017-02-14 08:59:44'), ('302', '300', '店铺新增', 'shop:add', 'icon-briefcase', '店铺管理-新增', '/shop/add', '0', '1', '2017-02-14 08:59:44'), ('303', '300', '店铺删除', 'shop:delete', 'icon-briefcase', '店铺管理-删除', '/shop/delete', '0', '1', '2017-02-14 08:59:44'), ('304', '300', '店铺查看', 'shop:show', 'icon-briefcase', '店铺管理-查看', '/shop/show', '0', '1', '2017-02-14 08:59:44'), ('305', '300', '店铺编辑', 'shop:edit', 'icon-briefcase', '店铺管理-编辑', '/shop/edit', '0', '1', '2017-02-14 08:59:44'), ('306', '300', '店铺轮次', 'shop:invest', 'icon-briefcase', '店铺管理-轮次', '/shop/invest', '0', '1', '2017-02-14 08:59:44'), ('400', '0', '订单管理', null, 'icon-columns', null, null, '1', '1', '2017-03-22 13:03:12'), ('401', '400', '订单列表', 'order:list', 'icon-briefcase', '订单管理-列表', '/order/list', '1', '1', '2017-02-14 08:59:44'), ('500', '0', '优惠券管理', null, 'icon-columns', null, null, '1', '1', '2017-03-22 13:03:12'), ('600', '0', '提现管理', null, 'icon-columns', '提现管理', '', '1', '1', '2017-03-22 13:03:12'), ('601', '600', '用户提现', 'withdraw:user', 'icon-columns', '用户提现', '/withdraw/user', '1', '1', '2017-03-22 13:03:12'), ('602', '600', '商家提现', 'withdraw:merchant', 'icon-columns', '商家提现', '/withdraw/merchant', '1', '1', '2017-03-22 13:03:12');
COMMIT;

-- ----------------------------
--  Table structure for `t_role`
-- ----------------------------
DROP TABLE IF EXISTS `t_role`;
CREATE TABLE `t_role` (
  `id` int(11) NOT NULL AUTO_INCREMENT,
  `name` varchar(32) DEFAULT NULL COMMENT '角色名称',
  `code` varchar(32) DEFAULT NULL COMMENT '角色代码',
  `description` varchar(64) DEFAULT NULL COMMENT '角色描述',
  `status` int(1) DEFAULT NULL COMMENT '是否启用',
  `create_time` datetime DEFAULT NULL COMMENT '创建时间',
  PRIMARY KEY (`id`)
) ENGINE=InnoDB AUTO_INCREMENT=4 DEFAULT CHARSET=utf8 COMMENT='角色表';

-- ----------------------------
--  Records of `t_role`
-- ----------------------------
BEGIN;
INSERT INTO `t_role` VALUES ('1', '超级管理员', 'su', '超级管理员', '1', '2017-02-14 09:00:45'), ('2', '系统管理员', 'admin', '系统管理员', '1', '2017-02-14 09:00:45'), ('3', '收银员', 'cashier', '收银员', '1', '2017-02-14 09:00:45');
COMMIT;

-- ----------------------------
--  Table structure for `t_role_permission`
-- ----------------------------
DROP TABLE IF EXISTS `t_role_permission`;
CREATE TABLE `t_role_permission` (
  `id` int(11) NOT NULL AUTO_INCREMENT,
  `role_id` int(11) DEFAULT NULL,
  `permission_id` int(11) DEFAULT NULL,
  `create_time` datetime DEFAULT NULL COMMENT '创建时间',
  PRIMARY KEY (`id`)
) ENGINE=InnoDB AUTO_INCREMENT=27 DEFAULT CHARSET=utf8 COMMENT='角色 - 权限表';

-- ----------------------------
--  Records of `t_role_permission`
-- ----------------------------
BEGIN;
INSERT INTO `t_role_permission` VALUES ('1', '1', '1', '2017-02-14 09:02:05'), ('2', '1', '2', '2017-02-14 09:02:11'), ('3', '1', '3', '2017-02-14 09:02:11'), ('4', '1', '4', '2017-02-14 09:02:11'), ('5', '1', '5', '2017-02-14 09:02:11'), ('6', '1', '6', '2017-02-14 09:02:11'), ('7', '1', '7', '2017-02-15 11:07:48'), ('8', '1', '8', '2017-02-15 11:07:51'), ('9', '1', '100', '2017-03-22 13:49:53'), ('10', '1', '200', '2017-03-22 13:50:03'), ('11', '1', '201', '2017-03-22 13:50:03'), ('12', '1', '202', '2017-03-22 13:50:03'), ('13', '1', '203', '2017-03-22 13:50:03'), ('14', '1', '300', '2017-03-22 13:50:03'), ('15', '1', '301', '2017-03-22 13:50:03'), ('16', '1', '302', '2017-03-22 13:50:03'), ('17', '1', '303', '2017-04-25 18:40:46'), ('18', '1', '304', '2017-04-25 18:40:46'), ('19', '1', '305', '2017-04-25 18:40:46'), ('20', '1', '306', '2017-04-25 18:40:46'), ('21', '1', '400', '2017-04-25 18:40:46'), ('22', '1', '401', '2017-04-25 18:40:46'), ('23', '1', '500', '2017-04-25 18:40:46'), ('24', '1', '600', '2017-04-25 18:40:46'), ('25', '1', '601', '2017-04-25 18:40:46'), ('26', '1', '602', '2017-04-25 18:40:46');
COMMIT;

-- ----------------------------
--  Table structure for `t_system_config`
-- ----------------------------
DROP TABLE IF EXISTS `t_system_config`;
CREATE TABLE `t_system_config` (
  `id` int(11) NOT NULL AUTO_INCREMENT,
  `name` varchar(32) DEFAULT NULL COMMENT '名称',
  `code` varchar(64) DEFAULT NULL COMMENT '代码',
  `value` varchar(128) DEFAULT NULL COMMENT '值',
  `description` varchar(128) DEFAULT NULL COMMENT '描述',
  PRIMARY KEY (`id`)
) ENGINE=InnoDB AUTO_INCREMENT=4002 DEFAULT CHARSET=utf8 COMMENT='系统字典表';

-- ----------------------------
--  Records of `t_system_config`
-- ----------------------------
BEGIN;
INSERT INTO `t_system_config` VALUES ('1', 'token失效时间', 'token_expire_time', '7776000', 'token失效时间 - 单位: 秒, 当前是三个月'), ('2', '短信验证码有效时间', 'valicode_time', '600', '短信验证码有效时间 - 单位: 秒, 当前是10分钟'), ('3', '短信验证码时间间隔', 'max_send_valicode_times_period', '86400', '短信验证码最大发送次数时间间隔 - 单位: 秒, 当前是一天同一号码最多20次'), ('4', '短信验证码最大发送次数', 'max_send_valicode_times', '20', '最大发送次数时间间隔内的发送次数'), ('5', '首页轮播图', 'carousel', '/static/images/img_0178.jpg,/static/images/img_0185.jpg', '首页轮播图'), ('6', '首页通知消息', 'message', '太空富翁公测版上线，点击能量领取卡券吧！', '首页通知消息');
COMMIT;

-- ----------------------------
--  Table structure for `t_user`
-- ----------------------------
DROP TABLE IF EXISTS `t_user`;
CREATE TABLE `t_user` (
  `id` int(11) NOT NULL AUTO_INCREMENT,
  `avatar` varchar(128) DEFAULT NULL COMMENT '头像url',
  `nick_name` varchar(64) DEFAULT NULL COMMENT '昵称',
  `phone` varchar(16) DEFAULT NULL COMMENT '手机号码',
  `salt` varchar(16) DEFAULT NULL COMMENT '盐',
  `password` varchar(64) DEFAULT NULL COMMENT '密码',
  `real_name` varchar(64) DEFAULT NULL COMMENT '真实姓名',
  `last_login_time` datetime DEFAULT NULL COMMENT '最后登录时间',
  `login_times` int(11) DEFAULT NULL COMMENT '登录次数',
  `status` int(1) DEFAULT NULL COMMENT '状态 1可用，0禁用',
  `create_time` datetime DEFAULT NULL COMMENT '创建时间',
  `update_time` datetime DEFAULT NULL COMMENT '修改时间',
  PRIMARY KEY (`id`),
  UNIQUE KEY `u_idx_phone` (`phone`) USING BTREE
) ENGINE=InnoDB AUTO_INCREMENT=67040 DEFAULT CHARSET=utf8 COMMENT='用户表';

-- ----------------------------
--  Records of `t_user`
-- ----------------------------
BEGIN;
INSERT INTO `t_user` VALUES ('1', null, 'su', 'su', 'flsk', 'ebd2742eb869664e54555c3d2a9681c3', null, null, '1', '1', null, null), ('2', '/upload/avatar/062afacd34b4c388e6a0e4324a450ea8.jpg', 'iMiracle', '13540118757', 'su', '99308b9c902ff952c5a84cea7ec74ebe', null, '2017-03-28 14:36:42', '1', '1', '2017-03-28 14:36:42', null), ('3', 'http://t.myflsk.com/upload/cover/1497540182998.png', '疯狂的石头', '18981997089', 'su', '99308b9c902ff952c5a84cea7ec74ebe', null, '2017-03-30 21:31:35', '1', '1', '2017-03-30 21:31:35', null), ('11', '/upload/avatar/062afacd34b4c388e6a0e4324a450ea8.jpg', '系统返本账户', null, 'su', '99308b9c902ff952c5a84cea7ec74ebe', null, '2017-03-28 14:36:42', '1', '1', '2017-03-28 14:36:42', null), ('12', '/upload/avatar/062afacd34b4c388e6a0e4324a450ea8.jpg', '系统返利账户', null, '', '99308b9c902ff952c5a84cea7ec74ebe', null, '2017-03-28 14:36:42', '1', '1', '2017-03-28 14:36:42', null), ('13', null, '匿名账户', null, 'su', '99308b9c902ff952c5a84cea7ec74ebe', null, null, '1', '1', null, null), ('10001', null, '大牛合', '86700656', 'su', '99308b9c902ff952c5a84cea7ec74ebe', null, null, null, '1', null, null), ('10002', null, '酒肉馆', '81474530', 'su', '99308b9c902ff952c5a84cea7ec74ebe', null, null, null, '1', null, null), ('10003', null, '初见初雪', '64656743', 'su', '99308b9c902ff952c5a84cea7ec74ebe', null, null, null, '1', null, null), ('10004', null, '卧牛老火锅', '13880661882', 'su', '99308b9c902ff952c5a84cea7ec74ebe', null, null, null, '1', null, null), ('10005', null, '樱桃园', '61113299', 'su', '99308b9c902ff952c5a84cea7ec74ebe', null, null, null, '1', null, null), ('10006', null, '老板数签签', '87746690', 'su', '99308b9c902ff952c5a84cea7ec74ebe', null, null, null, '1', null, null), ('10061', 'http://t.myflsk.com/upload/avatar/1497628544654.png', '18981916297', '18981916297', 'su', '99308b9c902ff952c5a84cea7ec74ebe', null, null, null, '1', '2017-06-16 23:53:49', null), ('10066', null, 'ycltest', '15196632104', 'su', '99308b9c902ff952c5a84cea7ec74ebe', null, null, null, '1', '2017-06-17 00:04:32', null), ('10067', 'http://t.myflsk.com/upload/avatar/1498224961051.png', 'Gelato', '17716123826', 'su', '99308b9c902ff952c5a84cea7ec74ebe', null, null, null, '1', '2017-06-17 12:43:42', null), ('10068', null, '小小徐', '15928110531', 'su', '99308b9c902ff952c5a84cea7ec74ebe', null, null, null, '1', '2017-06-17 17:18:53', null), ('10069', null, 'ycltest2', '13014930569', 'su', '99308b9c902ff952c5a84cea7ec74ebe', null, null, null, '1', '2017-06-18 08:09:35', null), ('10071', 'http://t.myflsk.com/upload/avatar/1497879455066.png', 'nmmm', '13594015206', 'su', '99308b9c902ff952c5a84cea7ec74ebe', '', '2017-06-19 22:03:38', null, '1', '2017-06-19 21:37:06', '2017-06-19 22:03:47'), ('10072', null, '祥', '13111892596', 'su', '99308b9c902ff952c5a84cea7ec74ebe', null, null, null, '1', '2017-06-20 15:27:14', null), ('10073', 'http://app.myflsk.com/upload/avatar/22978d53b8f82c74a53d76fa68ad6b93.jpg', '阿诺', '18628106276', 'HFpcnV', '7f150ebbeaddcc940c1b63b1ef01832c', null, null, null, '1', '2017-06-26 11:13:25', null), ('66852', 'http://app.myflsk.com/upload/avatar/1498446314057.png', '板爷', '15882318734', 'Mdcthi', 'b49445e3ed1a036f6a36ccd6325b8d36', null, null, null, '1', '2017-05-16 16:17:50', null), ('66853', 'http://app.myflsk.com/upload/avatar/1498478695496.png', 'Talinda Lee', '15928028420', '6DMWch', 'b78d86a9f3a92fdc78ef84d1f1fd630f', null, null, null, '1', '2017-05-16 16:17:53', null), ('66854', null, '明天更好', '13551260666', 'zPqzMw', '09269b3a069b594186ebac78e0649455', null, null, null, '1', '2017-05-16 16:20:20', null), ('66855', null, '王满意', '13935676026', 'oH2Hyy', '6f3b96698beab25dd4ccfdc893217501', null, null, null, '1', '2017-05-16 16:24:19', null), ('66856', null, '小袋鼠妈妈', '18081072007', 'gY83Qf', '0c9fd3becf938a236dc931be6a542601', null, null, null, '1', '2017-05-16 16:31:26', null), ('66857', null, '果果', '13981168356', '0QhWyx', '952a05a2e655e923135bf662323534ee', null, null, null, '1', '2017-05-16 16:34:04', null), ('66858', null, '小橙子', '13980531365', 'LIsiqb', '8999689edf198de0aa5bf26283d5d77a', null, null, null, '1', '2017-05-16 16:36:09', null), ('66859', null, '赵岩', '18108019489', 'cILHUK', 'b6db844f2dec5abee7d4fed0a409cb45', null, null, null, '1', '2017-05-16 16:38:03', null), ('66860', null, '欣欣', '13881264074', 'fWbZrh', 'b0fdd98b86ac767e43c1cb0701709ca9', null, null, null, '1', '2017-05-16 16:40:07', null), ('66861', null, '微笑流浪', '13408092169', 'rWDh7T', '3e898a692d9b5e8c7fab765b5c8723dd', null, null, null, '1', '2017-05-16 16:40:14', null), ('66862', null, '闲逛的叮咚', '13881822090', 'dj02p2', '3164fe232a352ab23684d3e0fab169bc', null, null, null, '1', '2017-05-16 16:43:40', null), ('66863', null, '许先', '15804727612', 'wS46qf', 'e945ec3cadf4d34ea996f3d32484001e', null, null, null, '1', '2017-05-16 16:47:01', null), ('66864', null, '传统中医', '13319213358', 'ldCNiE', 'd992da634f7ea664e7315178fd33303c', null, null, null, '1', '2017-05-16 16:50:13', null), ('66865', null, 'hheg', '15328232627', '4AOLDh', 'd7ae35fde3d28ab63a67cb7e7e91fbf5', null, null, null, '1', '2017-05-16 16:55:29', null), ('66866', null, '天妮', '13438840442', 'iV905S', 'ac27d3f3e8cd400b4f43504e5e207069', null, null, null, '1', '2017-05-16 17:01:32', null), ('66867', null, '走稳走快走在前', '18380280028', 'sibGgv', '623cff1f9228a9c65827a4fc9e0609a3', null, null, null, '1', '2017-05-16 17:02:25', null), ('66868', null, '轶丁点儿', '13808189601', 'CHOBGh', '3cf2f79ec48c873ea11a24cde7b6d5c8', null, null, null, '1', '2017-05-16 17:04:25', null), ('66869', null, '席贵', '18689880755', 'HZZOXv', 'b079b6424f3ec65a08c22633163ce142', null, null, null, '1', '2017-05-16 17:05:10', null), ('66870', null, '杨轶', '18708135676', 'K9lNda', '4294a4a3ad54a13c981a3af995b0ab84', null, null, null, '1', '2017-05-16 17:06:07', null), ('66871', null, '六儿秋秋', '13709012816', '1PXCvx', 'd6cf20b40345aad402e98da1fe1212dc', null, null, null, '1', '2017-05-16 17:14:11', null), ('66873', null, '痘痘', '17138087324', 't1gfPv', 'b887a0aa29f9fcfd79a271493f355d43', null, null, null, '1', '2017-05-16 17:14:11', null), ('66874', null, '老高私家菜', '18583989980', '1MAKj7', '912403f8b6519987850e66a28fcee64d', null, null, null, '1', '2017-05-16 17:19:30', null), ('66875', null, '树平', '17340200473', 'vM2QvR', 'bb201b9039f67be4ad34d87615549edd', null, null, null, '1', '2017-05-16 17:21:17', null), ('66876', 'http://app.myflsk.com/upload/avatar/1498811751560.png', '蚂蚁', '18781042002', 'f89W0g', '704acce2a9623fa820ef1fe3c23ef753', null, null, null, '1', '2017-05-16 17:21:40', null), ('66877', null, '桂桂阳', '13980984077', 'Yn9sXn', 'c75c4d04ed8fd3eb1325e0370d24d2db', null, null, null, '1', '2017-05-16 17:21:54', null), ('66878', null, '兔子', '13252881332', 'N71U0D', '451f349425ae3479aab7b9b927646d98', null, null, null, '1', '2017-05-16 17:23:05', null), ('66879', null, '豌豆', '18080877258', 'URL5bZ', '11aeb5a357a637ba4ed031ba2c432ac0', null, null, null, '1', '2017-05-16 17:23:41', null), ('66880', null, '富朗之楠', '15928804041', 'NghtDw', 'd4b4841a9dfe23bc33cd1b37b7098a37', null, null, null, '1', '2017-05-16 17:25:43', null), ('66881', null, '旺旺', '13730613025', 'bC8TMy', '8f57b8385abed0fa920b44f506bb9d1d', null, null, null, '1', '2017-05-16 17:28:39', null), ('66882', null, '天狼', '13909412207', '5NeSEh', '472ed92a628fd18b807a50821d2e61e6', null, null, null, '1', '2017-05-16 17:32:24', null), ('66883', null, '彭', '18728426839', 'k6drvK', '223fac7c93a9b2e69d56dd782c89ddcb', null, null, null, '1', '2017-05-16 17:36:24', null), ('66884', null, '华子', '13982014566', 'cvSlTB', '0bf32606b1c9a71ecf68b3e64a4db57f', null, null, null, '1', '2017-05-16 17:39:14', null), ('66885', null, '来也', '13709079799', '7HKQVt', 'bc586b244287e3083fc1b0fdfe54d7e6', null, null, null, '1', '2017-05-16 17:44:08', null), ('66886', null, '豆豆艺', '13981178258', 'QaGLtU', '004687577b6ea69a3b6b1dd9fb6cc6ba', null, null, null, '1', '2017-05-16 17:45:38', null), ('66887', null, '涛涛', '18980709555', 'stKUKT', 'd3bb5824e158cd4811a5616c445980ba', null, null, null, '1', '2017-05-16 17:54:43', null), ('66888', null, '天上彩云', '15884609773', '2ctbNj', '5a8c7401da9683e25a8965436967f880', null, null, null, '1', '2017-05-16 17:55:39', null), ('66889', null, '17716123875', '17716123875', 'iBLjrh', '9d28e8b8ed2a0e4607c7b5a982fe339c', null, null, null, '1', '2017-05-16 18:26:23', null), ('66890', null, 'April', '13408225020', 'EWb3iK', 'd4bcca9e86070aa8fdc9b69e64111ac1', null, null, null, '1', '2017-05-16 18:29:12', null), ('66891', null, '小妍妹', '13808110676', 'lx9352', '8f969abb2b669d371753450029f9d893', null, null, null, '1', '2017-05-16 18:35:06', null), ('66892', null, '雅', '13981108096', 'L7LeR4', '3af300068048085b0f08bba8de003d95', null, null, null, '1', '2017-05-16 18:36:47', null), ('66893', null, '泽英', '18683771801', 'vYpeDZ', 'e532bf5b72dabd2838325c889220e01b', null, null, null, '1', '2017-05-16 19:13:14', null), ('66894', null, 'star', '13881921027', 'HGPn3R', '9de7e713828d7a9afffbdb7780f119e5', null, null, null, '1', '2017-05-16 19:35:24', null), ('66895', null, '小风', '15680083899', 'aRG2Vm', '65be727201e5aef1cb4c52ce7e6c6508', null, null, null, '1', '2017-05-16 19:42:39', null), ('66896', null, '圆圆', '15882439981', 'JTOaRK', '0afdc72867a326821b2e48705eb06ee5', null, null, null, '1', '2017-05-16 19:53:24', null), ('66897', null, 'JackAsdemy', '18613230273', 'QJxi1B', '1cfaaba8119537059c4208537118eeaa', null, null, null, '1', '2017-05-16 20:06:32', null), ('66898', null, '兰花', '18819298496', '2ewSpO', '72067b2886c722c58f1322abf901d0ca', null, null, null, '1', '2017-05-16 20:13:53', null), ('66899', null, '绿茶', '13679065318', '0Or0Nh', 'c53ecc14b85f273f58ea56590bed0431', null, null, null, '1', '2017-05-16 20:21:42', null), ('66900', null, '鑫心相印', '13880328637', 'r0jMgL', '503d195941af3831c15377157f263594', null, null, null, '1', '2017-05-16 20:26:41', null), ('66901', null, '舞中莲', '18980943132', '5ileNC', '232f5bad5846c3309bdcfb2ffa1569ee', null, null, null, '1', '2017-05-16 20:31:07', null), ('66902', null, 'Alan', '15102816546', 'zZEUWm', '54a870625f7245f22ade110d76d83e02', null, null, null, '1', '2017-05-16 20:33:16', null), ('66903', null, '云创通', '13149937512', 'RzCUji', '1dc13596793effd1f6b6bcd468fa436d', null, null, null, '1', '2017-05-16 20:44:57', null), ('66904', null, '陈云秀', '15228880384', 'HNimgT', '744812367e13bc3db59d31792f027925', null, null, null, '1', '2017-05-16 21:21:31', null), ('66905', null, 'Star', '15923248770', '3490l6', '2388a820a2a6c93dbf047f031261482f', null, null, null, '1', '2017-05-16 21:47:50', null), ('66906', null, '北风', '15281009289', 'hXDjQF', '72a15f2dcedc27aa2a00498f1e37e868', null, null, null, '1', '2017-05-16 21:55:30', null), ('66907', null, '阿巫', '13060000192', 'RuCXIo', 'bd12b0ffbfb09dcc28c3101b6a683eaf', null, null, null, '1', '2017-05-16 22:01:11', null), ('66908', null, '白先生', '13980072005', 'dPlDKz', 'a21d2cdba8827b5203ba7cd1d5178a7c', null, null, null, '1', '2017-05-16 22:05:56', null), ('66909', null, '艾米', '13795619774', 'w2Rqc4', '54ca866b6344dab027d6f3a99dd4b732', null, null, null, '1', '2017-05-16 22:15:28', null), ('66910', null, '毛毛', '18615776299', 'YDO9A2', '350c339717bdc506abc4f45aeac10acc', null, null, null, '1', '2017-05-16 22:41:31', null), ('66911', null, '多多', '13980463465', '9oozJY', 'b8236b3a713162fee1a58def9b1a2f58', null, null, null, '1', '2017-05-16 22:46:34', null), ('66912', null, '小海', '15002829686', 'df3aBI', 'e33a169d4fac2948dd52219c23377774', null, null, null, '1', '2017-05-16 22:56:43', null), ('66913', null, '果果', '13679093337', 'VLzhnd', 'ded27404d51681c20e5a76a2d4c2e587', null, null, null, '1', '2017-05-17 00:54:09', null), ('66914', null, '淡蓝色天', '18030592208', 'BTvcQn', '8a94ee18d8b3dfee023d440637bd91ea', null, null, null, '1', '2017-05-17 02:56:41', null), ('66915', null, '飞龙', '13982219209', 'BFIPUk', '00559bab2b1fc6e857baaeb25a0e475c', null, null, null, '1', '2017-05-17 12:04:00', null), ('66916', null, '丁一', '13696177118', 'dE526b', '3b0a02f6943e6e1f5d7e91256e848c5b', null, null, null, '1', '2017-05-17 12:08:09', null), ('66917', null, '华姐', '13679005904', 'yCH1rr', 'faa64cc0d8f2185042d87fbcfe9f6a92', null, null, null, '1', '2017-05-17 12:16:04', null), ('66918', null, '鹅卵石', '13980963161', 'Jblfw8', '91935af159780d92ca00cc0106526869', null, null, null, '1', '2017-05-17 13:20:32', null), ('66919', null, '阳阳', '13472979055', 'o3dS7Q', 'a0b5fc0ef63776cbfd63f4c66e350b97', null, null, null, '1', '2017-05-17 13:25:19', null), ('66921', null, 'camel63', '18113001616', 'rO1zJE', '0abcac481aa3df704ef2d5b3790464c0', null, null, null, '1', '2017-05-17 13:49:16', null), ('66922', null, '熊熊', '13881991882', 'zaOftT', '82473068819f051e019edac10905f835', null, null, null, '1', '2017-05-17 14:06:17', null), ('66923', null, '膝盖哥', '18602868882', 'AhAu6C', '3d607e34f75fe1a8d6f6edcfddfb77ab', null, null, null, '1', '2017-05-17 16:30:06', null), ('66925', null, '佑手', '15202825122', 'XoRmpJ', 'ba1b557e0893926d0315bb6237a2e74b', null, null, null, '1', '2017-05-17 16:49:21', null), ('66926', null, '九尾', '13732283560', 'HAQiUl', '4c308ca6eed90dbc8fd21b1be88f4c54', null, null, null, '1', '2017-05-17 17:55:19', null), ('66927', null, '凤姐', '13618031081', '1Jr61Z', 'e2ec606ffb32e37fb7fb522a889c9b8c', null, null, null, '1', '2017-05-17 20:08:00', null), ('66928', null, 'Agatha', '18349185775', 'IE078H', 'e982e9e815a3409fa5e5071b70ad3d04', null, null, null, '1', '2017-05-17 20:15:37', null), ('66929', null, '屁屁', '13709826257', '4J51JP', '90670a13870fb5dd7273555df85debae', null, null, null, '1', '2017-05-17 20:28:32', null), ('66930', null, '大王叫我来巡山', '18108271858', 'TlY2x4', '0dfaccb9a7e0d85c0be6926f686b5818', null, null, null, '1', '2017-05-17 20:33:41', null), ('66931', null, '安静', '18010545610', '0tZnf1', '07008a557ca2f09e9d7ff041c86a0185', null, null, null, '1', '2017-05-17 21:02:26', null), ('66932', null, 'Y   J', '15181628629', 'x2EXr2', '4282a0feaa2ec214ddd639d7ecb4c30c', null, null, null, '1', '2017-05-17 21:21:31', null), ('66933', null, '樱桃11', '18628136775', 'Pq4ySP', 'a60afdf5adcaccd9291af57a091b777c', null, null, null, '1', '2017-05-17 21:29:49', null), ('66934', null, '周周', '17008258466', 'RdYNRj', '5f9b2cc585380165d08c0998b5f8e029', null, null, null, '1', '2017-05-17 21:55:11', null), ('66935', null, '自平博', '13853928811', 'RHCO5X', '30b51aadee04d6ca6a01ed04de900aab', null, null, null, '1', '2017-05-17 21:57:55', null), ('66936', null, '一粒沙', '13981858251', '6MJz2l', '623f80fb8adaaaa6130771749824541e', null, null, null, '1', '2017-05-17 23:05:26', null), ('66937', null, '白着呢', '18780031195', 'kahdaz', '61b09b36c7416d94f6ba8476810ab025', null, null, null, '1', '2017-05-17 23:38:13', null), ('66938', null, '克林', '13398189827', 'su', '99308b9c902ff952c5a84cea7ec74ebe', null, null, null, '1', '2017-05-18 07:40:51', null), ('66939', null, '开心', '15184312303', '77GpdF', 'd0e78f0dbb46ee1d9b0873ae2af15da7', null, null, null, '1', '2017-05-18 07:48:50', null), ('66940', null, '指间de落寞', '13880859959', 'g56dlD', '8b61309538fd30e03d1860b49e342c5e', null, null, null, '1', '2017-05-18 08:43:14', null), ('66941', null, '', '18828037999', 'dCqIZN', 'fca9e0503bfc69ebd6174edb8f9866df', null, null, null, '1', '2017-05-18 16:07:56', null), ('66942', null, '曾莉', '18980001707', 'qnyg6v', '53426cb20abbef680b903c5b5c7e6d79', null, null, null, '1', '2017-05-18 16:09:45', null), ('66943', null, '淼-cm', '13550864786', 'VID7Mm', '9b4f63f86f4bc7da38f6b2b38c3323fd', null, null, null, '1', '2017-05-18 22:51:32', null), ('66944', null, '我', '13882019993', 'cK2U5V', 'dec1d90bfbcfe491ae357e3a8a917e77', null, null, null, '1', '2017-05-19 10:12:52', null), ('66945', 'http://app.myflsk.com/upload/avatar/1498713397625.png', '伊泰拉', '13980623970', 'BUirNT', '0ead517f8427fbe4d75cc1a1f13149b0', null, null, null, '1', '2017-05-19 17:19:31', null), ('66946', null, '罗敏', '15902820141', '2WLWNM', '0b512737ec451055c374d9ba1b74422b', null, null, null, '1', '2017-05-19 18:52:16', null), ('66947', null, '陈歪歪', '13688162336', 'O5h7lV', '29cccb27f4d9d1b77bb514afbbff70bc', null, null, null, '1', '2017-05-19 18:52:23', null), ('66948', null, '仁者无忧', '13908065915', '1QOlO0', '10d4280ad2a77812f45197715d83f209', null, null, null, '1', '2017-05-19 22:36:41', null), ('66949', null, '英英', '13880627002', 'HHP6Fy', '1362896b5c33ee01c068226feb6d3a19', null, null, null, '1', '2017-05-19 22:44:40', null), ('66950', null, '尘埃落定', '13980422212', 'BYV7wu', '7f9a9f9e179f5a165d4cba52f9ea98f9', null, null, null, '1', '2017-05-20 00:13:49', null), ('66951', null, '恬恬', '18980684948', '5c4rQN', '08ea88ee96ed85795307212ac1bd4153', null, null, null, '1', '2017-05-20 09:46:49', null), ('66952', null, '桃之夭夭', '13438045966', 'dQE5Pe', '38b9f42563151126a91ab1c2a2d21c58', null, null, null, '1', '2017-05-20 09:47:07', null), ('66953', null, '康艳丽', '13668285560', 'EqXB2x', 'cb82b42a4d9fd296d946b64a02608659', null, null, null, '1', '2017-05-20 11:04:30', null), ('66954', null, '蕙质兰心', '13808231945', 'Z49sWQ', 'f2f802f1e15e1a0066cdc40b5b00a177', null, null, null, '1', '2017-05-20 17:34:04', null), ('66955', null, '菡萏', '13183800060', '9SaT9z', 'e6488d5a02a80e7d286728cb36c8379f', null, null, null, '1', '2017-05-20 19:34:54', null), ('66956', null, 'David', '18980417292', 'NcGaFG', 'f3031b6352dcd09fe53af58bb43b6524', null, null, null, '1', '2017-05-21 09:01:29', null), ('66957', null, '茜Q', '13708201716', 'bBqfXA', '07f9c3863e58c5cb2285b80074d31860', null, null, null, '1', '2017-05-21 09:30:56', null), ('66958', null, 'vivi', '13668246998', '0ASdlj', '9784eeb1dc5604bc904648b020444775', null, null, null, '1', '2017-05-21 09:40:22', null), ('66959', null, '轻舞飞扬', '13699477737', 'lqoEON', 'e87506bb08bdbad7b98ecd4d3887e904', null, null, null, '1', '2017-05-21 09:40:46', null), ('66960', null, '六福', '13708185383', 'nVx7Sy', 'b00a3ee59773f8a4f5f1bd7475dfcc57', null, null, null, '1', '2017-05-21 09:46:46', null), ('66961', null, 'radeon1908', '13890296547', '1Hnc6X', 'a0ff00205818388b598cf1c919b260cb', null, null, null, '1', '2017-05-21 10:19:50', null), ('66962', null, '大卡', '18980709673', 'sFP2iu', '60f99b62277967b4ac4d3f82847c75d6', null, null, null, '1', '2017-05-21 10:32:20', null), ('66963', null, '康康', '18683952035', '4KW67a', 'dd3ee5095190f2c6bac18c99c424ca64', null, null, null, '1', '2017-05-21 10:34:00', null), ('66964', null, '小锋', '13551139856', 'x9DQrV', '74aa3ab9ed1a1aca0f4c56ee31e18143', null, null, null, '1', '2017-05-21 11:06:15', null), ('66965', null, '多多', '13205208830', 'h0I5vn', 'fa37334ada21bd56baf1120c567cbbf5', null, null, null, '1', '2017-05-21 11:41:51', null), ('66966', null, '山力', '13688451443', 'dZ80Dj', '96c3994e451ec1bdc5ba02045bfed16d', null, null, null, '1', '2017-05-21 12:17:49', null), ('66967', null, '梅子', '13981169623', 'Q9RJa2', '3d4337e4303f433bb21730713fdedef8', null, null, null, '1', '2017-05-21 12:27:42', null), ('66968', null, '立青', '13921090122', 'tRYtep', '2231b1d048fe5b94c28a0a529cded43c', null, null, null, '1', '2017-05-21 12:30:29', null), ('66969', null, 'a静', '18328665198', 'NEn8Fe', '17aa8b0d198d4358fcf1e4ed5dc4de07', null, null, null, '1', '2017-05-21 12:35:11', null), ('66970', null, '朝霞漫天', '18081976511', 'IR7vMi', 'b807f53c1ebe7b83834f0bfa1a581cb7', null, null, null, '1', '2017-05-21 13:26:22', null), ('66971', null, '唐唐', '13822246193', 'GdqCBJ', '8edb63e9292473879b554044aba39e2b', null, null, null, '1', '2017-05-21 15:41:53', null), ('66972', null, '方方', '15198270097', 'KGmwNb', 'e532d303e511e6a06770deb968e503c6', null, null, null, '1', '2017-05-21 17:30:11', null), ('66973', null, '风声如斯', '13350971733', 'Me8ep8', '4d62f460b49fbd279cb44ab0b1222d9d', null, null, null, '1', '2017-05-21 18:39:14', null), ('66974', null, '阳哥', '13981732187', 'zVbi2G', '2d763bc5fb4ff57483f54cabe1cac272', null, null, null, '1', '2017-05-21 21:08:52', null), ('66975', null, '小张', '15828666354', 'QwaBi3', 'c1494b30b7c2d0454ae1fce52f9282d6', null, null, null, '1', '2017-05-21 22:24:31', null), ('66976', null, '哈喽哈喽', '15696232666', 'TEnjLG', 'da87033a49cff8db54997e86078d82ea', null, null, null, '1', '2017-05-21 22:42:42', null), ('66977', null, '望了9', '15371999156', 'C12sDo', '95ff47730487985d60eb3bbf7b740ff1', null, null, null, '1', '2017-05-22 07:23:05', null), ('66978', null, '恐龙哥哥', '13980834949', 'PjCQKC', '107035b3ebe2014cd4ddd2bd3b7d6221', null, null, null, '1', '2017-05-22 11:34:09', null), ('66979', null, '星', '18502847671', 'eNBuNK', 'f038065c180a5761c3717eaf593129ec', null, null, null, '1', '2017-05-22 13:51:32', null), ('66980', null, '锅里', '13808111059', 'URErRd', 'e3d93253680679a976dedd95871668f7', null, null, null, '1', '2017-05-22 20:18:57', null), ('66981', null, '北冰洋', '13313143793', 'qLFyIn', 'b4c2ad3d49cb4ed733e8cc93e3017e15', null, null, null, '1', '2017-05-22 20:56:14', null), ('66982', null, '蝶灿', '13501778897', '8AqFnu', 'afed5ee895d3e737d67ea0ed1166bc0f', null, null, null, '1', '2017-05-24 23:58:24', null), ('66983', null, '噜噜睡了', '18080138206', 'loiKWR', '6f321047c2215f43cf2224ee1bb5f289', null, null, null, '1', '2017-05-25 17:01:01', null), ('66984', null, '噜噜醒了', '18161287926', '9DnR8i', '0421d3e0af6a07c409d9dae12efbdffb', null, null, null, '1', '2017-05-25 17:06:00', null), ('66985', null, 'gina', '13086682153', 'f5FOml', 'e1d71cf19fa9fc2acf1663057fb25909', null, null, null, '1', '2017-05-25 19:17:45', null), ('66986', null, '珍妮', '15208385461', 'Hsy534', '6174f3b0417966e5e0448ede4df806d7', null, null, null, '1', '2017-05-25 22:08:28', null), ('66987', null, '空门', '15196640902', 'IPShRo', 'd1cd0e681c1b883ff0b8277cb54911d4', null, null, null, '1', '2017-05-26 15:06:52', null), ('66988', null, '刘彬', '13880820200', '7rwo9V', '37867722d655fc0ff88546ccf3f79cf1', null, null, null, '1', '2017-06-01 17:00:07', null), ('66989', null, '与.否', '18508109871', 'nb2u4F', '2775881e060eaba92f7b4e7754aeb4bd', null, null, null, '1', '2017-06-01 17:27:48', null), ('66990', null, '文张', '13408558155', 'jpjU8F', 'd41c0c9354830f4fe4f6124bc837c373', null, null, null, '1', '2017-06-01 17:31:48', null), ('66991', null, '一米阳光', '13558933777', 'vvmOgH', '8b0fbbf61b84a54cadad7f7aa90df907', null, null, null, '1', '2017-06-01 17:48:52', null), ('66992', null, '夜风', '13758510692', 'AFLHUm', 'bdc8ba60d0b022ceac40f9602b923c2b', null, null, null, '1', '2017-06-01 18:01:13', null), ('66993', null, 'ZLing', '18602832880', 'YccqFd', '590216a1ffa2d820ce03e6e5d0a6924a', null, null, null, '1', '2017-06-01 18:17:38', null), ('66994', null, '暖暖', '13458644096', 'EOVeWE', '6cc14ed78290ddf398b2899d67f46f49', null, null, null, '1', '2017-06-01 19:57:26', null), ('66995', null, '哇猪猪的嘛', '13808189932', 'pGw7Z9', '79d82cad2b425a9f01b877e8c00f704d', null, null, null, '1', '2017-06-01 19:59:57', null), ('66996', null, '陈柏亦', '15982416700', 'iNo2K2', '5d1fbed6b8a4a19636c7d91b77931751', null, null, null, '1', '2017-06-01 20:12:15', null), ('66997', null, '橙子爱依林', '15196606519', 'rQyNmz', 'c875742301a1c117911fa620ccf6447c', null, null, null, '1', '2017-06-01 20:27:08', null), ('66998', null, '小草', '17761243453', 'iqcKYM', 'b0af85c1f2b8ff22bfa17fba7c4c6f73', null, null, null, '1', '2017-06-01 20:43:29', null), ('66999', null, '邱邱', '13699023997', 'Hjyqrv', '0b0ccf2b9f7a303ef0c5fddd2b6bdc59', null, null, null, '1', '2017-06-01 20:49:56', null), ('67000', null, '太空堡垒', '13350080048', 'Dkm8Z0', '5bdc05473df94f5fd420ca6fdd3d874a', null, null, null, '1', '2017-06-01 21:03:50', null), ('67001', null, '嘟嘟', '13608040888', '2zYuPm', '211c257b62e4be6fe34d0d841dbe7bca', null, null, null, '1', '2017-06-01 21:03:56', null), ('67002', null, '迈瑞', '13858519420', 'lU1XTe', '61d7a07ebcf049ac5198c95d3f7f8f32', null, null, null, '1', '2017-06-01 21:12:17', null), ('67003', null, '禄姐', '13628026238', 'Rf9N27', 'ed6ddea5410f836066b04da648d10052', null, null, null, '1', '2017-06-01 21:41:32', null), ('67004', null, '香烟', '18980882507', '3M63mY', '4753e051cd41329233f550d27f233acf', null, null, null, '1', '2017-06-01 23:32:39', null), ('67005', null, '晴子', '13032831363', 'CKx64r', 'a29f72f11378fc50c765e2fa11a411b6', null, null, null, '1', '2017-06-02 06:31:43', null), ('67006', null, '仙人掌', '13438271784', 'uYRA8p', 'bbaf632d24f52fe18f5818761ff471e5', null, null, null, '1', '2017-06-02 10:26:55', null), ('67007', null, '邱邱', '15528171528', 'FTwDFt', 'd9bfbbba9578eb58971c42a48d4d069f', null, null, null, '1', '2017-06-02 10:33:40', null), ('67008', null, '李毅', '17760156669', 'SiKZsn', '84451053e37a8f2b010a28bcd51c074e', null, null, null, '1', '2017-06-02 10:40:15', null), ('67009', null, '纯爷们', '15982203881', 'xx0RIe', '12cbf45e2c7bf37cacbe8aa1209366a4', null, null, null, '1', '2017-06-02 10:43:28', null), ('67010', null, '娟小妹妹妹', '15608071313', 'qVLBFU', 'cb373d8927d3ca9821b28ce1ff4e66a8', null, null, null, '1', '2017-06-02 10:54:59', null), ('67011', null, 'GERBayer水光芯', '18980783092', 'uhBvC6', 'f2e942aa6833f26022753213ac932121', null, null, null, '1', '2017-06-02 11:10:08', null), ('67012', null, '黎娃子', '15828505567', 'nyLVLp', '09d40453d81aea8f0b3eab2d9cc6eb52', null, null, null, '1', '2017-06-02 11:30:37', null), ('67013', null, 'bob', '18628360102', 'SlUb53', 'c6eee4958d46737bf7fad9b49df745f4', null, null, null, '1', '2017-06-02 13:15:15', null), ('67014', null, '龙', '18782246539', 'oXgoLB', '72223f0e352b97de3730c3ce1eb974c1', null, null, null, '1', '2017-06-02 13:29:14', null), ('67015', null, '王金', '17761234723', 'ePwa6P', '9fc9e7f2f08d8b985076c758e4d1b5dd', null, null, null, '1', '2017-06-02 13:34:21', null), ('67016', null, '小沃谷', '18702384690', 'Sw370p', 'c61a978db21c74e7232a3a93e5b1b21a', null, null, null, '1', '2017-06-02 13:34:32', null), ('67017', null, '曾青青', '15378574211', 'KVX9FQ', '555c773f0fa4e8c35c01ba2035503b3a', null, null, null, '1', '2017-06-02 13:35:26', null), ('67018', null, '潘潘', '18161181121', '2NAcPP', 'db88bf4aab1a36c9d9c51bdfc0bdceaa', null, null, null, '1', '2017-06-02 14:27:27', null), ('67019', null, 'XXYi', '13568950052', 'YPs9oI', 'fb2f29a7da7bb5b482e27ddccbc094dd', null, null, null, '1', '2017-06-02 18:50:30', null), ('67020', null, '涵涵', '15902822714', 'o1X1ZV', '618f7d7829cdcca98081747e70194400', null, null, null, '1', '2017-06-02 19:53:16', null), ('67021', null, '月月', '18696765533', 'Pzb4W4', '88bd4fc0bfa3b8b3f74000d305aa9ee6', null, null, null, '1', '2017-06-02 19:56:40', null), ('67022', null, '芊大爷', '13880613613', 'gn4qBa', 'e5f93b70a7ccf7481684c334c5a28ad9', null, null, null, '1', '2017-06-02 19:58:24', null), ('67023', null, '大嘴巴', '13948009043', '42tvaN', 'b66e700f338607e3f6cae3669bcef352', null, null, null, '1', '2017-06-03 09:15:24', null), ('67024', null, '虫虫', '18247869618', 'Jq2yHf', 'f2766be9fce7cad69e5218c6dfe3c755', null, null, null, '1', '2017-06-03 22:51:17', null), ('67025', null, '天天向上', '13706286806', 'qAPz7I', '063331933b8a91b2d710a93f4e9b1e35', null, null, null, '1', '2017-06-04 07:32:47', null), ('67026', null, '小魔王', '15625256628', 'dTrSzX', '6d9188a345bb50735c9096a802fe02b8', null, null, null, '1', '2017-06-08 07:35:28', null), ('67027', null, 'nickname', '15677067264', 'Gq3Q6i', 'c82410e00f0758702528d33d62315013', null, null, null, '1', '2017-06-08 22:57:18', null), ('67028', null, '哦没有', '18980646964', 'xYMaQt', '3fddb251b5ec8cab88a211d28450d806', null, null, null, '1', '2017-06-20 08:15:05', null), ('67031', null, '盖帮收银员', '18683699960', 'su', '99308b9c902ff952c5a84cea7ec74ebe', null, null, null, '1', '2017-06-29 12:14:36', null), ('67032', null, 'Cathyu', '13408580986', '9m3h6o', '9f2adacf03ac14c58c48503632c62fb9', null, null, null, '1', '2017-06-29 13:21:53', null), ('67033', null, '1十1', '15198195564', 'F4FBmd', '1ae1d55cd221c34eda706f9d552e7e52', null, null, null, '1', '2017-06-29 14:19:37', null), ('67034', null, '樱桃园收银员', '18328692645', 'su', '99308b9c902ff952c5a84cea7ec74ebe', null, null, null, '1', '2017-06-29 12:14:36', null), ('67035', '/upload/avatar/36b5d691542c2f6969b0dbc6cb033609.jpg', '富朗之楠', null, null, null, null, '2017-06-30 12:02:13', '1', '1', '2017-06-30 12:02:13', null), ('67036', null, 'susanna', '13348817502', 'IaERyo', 'b2c780eba9e8a62cd10101fbf34ce890', null, null, null, '1', '2017-06-30 18:01:07', null), ('67037', null, '虎虎', '13408560502', 'Ms4jKO', 'c956f2be86d4a29f35351ff44b5f5bea', null, null, null, '1', '2017-06-30 18:36:00', null), ('67038', null, '蓝瘦香菇', '18408250990', 'xy9U0F', '6e76304ea6772686516728d5bb8a9701', null, null, null, '1', '2017-06-30 19:17:06', null), ('67039', 'http://app.myflsk.com/upload/avatar/1498822619856.png', 'Vitamin', '13982216978', 'Qcsr5r', 'aee4040bedab33e7a2d9123dc9d13491', null, null, null, '1', '2017-06-30 19:36:12', null);
COMMIT;

-- ----------------------------
--  Table structure for `t_user_role`
-- ----------------------------
DROP TABLE IF EXISTS `t_user_role`;
CREATE TABLE `t_user_role` (
  `id` int(11) NOT NULL AUTO_INCREMENT,
  `user_id` int(11) DEFAULT NULL,
  `role_id` int(11) DEFAULT NULL,
  `create_time` datetime DEFAULT NULL COMMENT '创建时间',
  PRIMARY KEY (`id`)
) ENGINE=InnoDB AUTO_INCREMENT=3 DEFAULT CHARSET=utf8 COMMENT='用户 - 角色表';

-- ----------------------------
--  Records of `t_user_role`
-- ----------------------------
BEGIN;
INSERT INTO `t_user_role` VALUES ('1', '1', '1', '2017-02-14 09:03:16'), ('2', '1', '2', '2017-02-15 11:06:37');
COMMIT;

SET FOREIGN_KEY_CHECKS = 1;
